지점,지점명,일시,평균기온(°C),일강수량(mm),최대 풍속(m/s),합계 일사량(MJ/m2),평균 전운량(1/10)
108,서울,2018-01-01,-1.3,,3.8,6.14,1
108,서울,2018-01-02,-1.8,,4.9,5.36,2.3
108,서울,2018-01-03,-4.7,,3.5,6.56,3.6
108,서울,2018-01-04,-4.7,,3.5,4.73,6.5
108,서울,2018-01-05,-3,,3.6,5.96,3.6
108,서울,2018-01-06,-2.8,,3.1,6.79,0
108,서울,2018-01-07,-.8,,2.5,3.75,7.5
108,서울,2018-01-08,1.3,.9,7.1,2.39,9
108,서울,2018-01-09,-4.2,.5,6.1,5.6,3.5
108,서울,2018-01-10,-7.5,.3,6.1,6.85,.9
108,서울,2018-01-11,-11.1,,4.9,6.8,.4
108,서울,2018-01-12,-10.2,0,3.6,7.11,2.3
108,서울,2018-01-13,-4.4,.4,1.7,2.8,8.3
108,서울,2018-01-14,.6,,2.8,4.55,7
108,서울,2018-01-15,4.7,.2,3.3,4.67,7.6
108,서울,2018-01-16,3.5,0,2.2,2.4,9.8
108,서울,2018-01-17,4.5,,3.7,4.17,7.4
108,서울,2018-01-18,2.1,0,3.8,,8.6
108,서울,2018-01-19,1,,3.7,6.56,3.8
108,서울,2018-01-20,2.2,,3.6,4.51,5.1
108,서울,2018-01-21,.4,,3.2,5.88,2
108,서울,2018-01-22,.2,3.3,5.1,1.91,9.4
108,서울,2018-01-23,-11.7,,5.4,7.62,.3
108,서울,2018-01-24,-14.2,,7.2,7.73,0
108,서울,2018-01-25,-14,,4.8,7.28,3.6
108,서울,2018-01-26,-14.8,,4.6,,0
108,서울,2018-01-27,-9.9,,3.4,7.5,1.8
108,서울,2018-01-28,-6.3,,5.6,6.38,3.3
108,서울,2018-01-29,-8.5,,6.2,7.68,.1
108,서울,2018-01-30,-5.3,2.9,3.8,5.41,5.8
108,서울,2018-01-31,-2.6,0,3.4,3.9,7.4
108,서울,2018-02-01,-4,,3.9,8.09,0
108,서울,2018-02-02,-2.4,,3.6,7.29,1.9
108,서울,2018-02-03,-7.3,.5,5.7,13.65,1.3
108,서울,2018-02-04,-9.5,,5.6,13.65,0
108,서울,2018-02-05,-9.4,,5.6,14.31,.1
108,서울,2018-02-06,-10.1,,4.9,14.13,1.1
108,서울,2018-02-07,-8,,3.3,13.39,1
108,서울,2018-02-08,-4.4,,3,13.05,.3
108,서울,2018-02-09,.4,,3,6.56,9.1
108,서울,2018-02-10,-.5,,6.3,9.41,6.5
108,서울,2018-02-11,-6.1,0,5.1,12.26,3.5
108,서울,2018-02-12,-5.8,0,5.2,13.74,4.1
108,서울,2018-02-13,-.8,,5.6,13.72,3.1
108,서울,2018-02-14,3.5,,5.4,6.92,7.4
108,서울,2018-02-15,-.7,,4.4,,3.8
108,서울,2018-02-16,-1.1,,5.5,14.1,3.3
108,서울,2018-02-17,-3,,5.5,15.8,1.9
108,서울,2018-02-18,-.4,,3.5,11.22,7.4
108,서울,2018-02-19,1.8,,3,10.08,6.1
108,서울,2018-02-20,.9,,5.8,13.56,5
108,서울,2018-02-21,-.9,,5.2,15.28,1.6
108,서울,2018-02-22,1.3,.4,5.2,9.45,5.8
108,서울,2018-02-23,4.2,3.7,5,9.43,7
108,서울,2018-02-24,2.4,,3.9,13.09,6.1
108,서울,2018-02-25,1.9,,3.8,16.17,2.4
108,서울,2018-02-26,3.1,,3.6,16.36,1.3
108,서울,2018-02-27,4.2,,1.8,2.86,8.5
108,서울,2018-02-28,4.6,25,3.7,1.71,10
108,서울,2018-03-01,-.2,.5,6.9,17.94,4.4
108,서울,2018-03-02,-.7,,3.3,19.03,2.4
108,서울,2018-03-03,7.9,0,3.9,18.04,4.1
108,서울,2018-03-04,9.8,11.5,3.5,3.92,10
108,서울,2018-03-05,5.5,3.5,3.5,13.8,5.4
108,서울,2018-03-06,4.5,,3.7,17.85,2.1
108,서울,2018-03-07,6.4,.5,3.2,10.76,8.6
108,서울,2018-03-08,4.6,4,4.5,10.3,8.1
108,서울,2018-03-09,4.5,,4.2,10.22,5.9
108,서울,2018-03-10,4.6,,5.9,16.45,4.6
108,서울,2018-03-11,6.4,,4.2,18.11,2.8
108,서울,2018-03-12,8,,4.2,13.92,3.3
108,서울,2018-03-13,12.4,,4.3,14.17,5.9
108,서울,2018-03-14,17,,5,15.46,6
108,서울,2018-03-15,12.4,27,4.8,1.47,9.8
108,서울,2018-03-16,7.1,,3.1,21.16,1.4
108,서울,2018-03-17,6.6,,3.8,17.87,4.4
108,서울,2018-03-18,8.2,.5,2.9,7.19,9.8
108,서울,2018-03-19,8,1,4.2,3.33,9.5
108,서울,2018-03-20,4.7,,4.8,14.36,6.9
108,서울,2018-03-21,2.1,1,3.3,6.13,9.9
108,서울,2018-03-22,4.9,,5,20.45,1.5
108,서울,2018-03-23,6.1,,4.2,19.08,4.6
108,서울,2018-03-24,7.6,,4.4,15.35,6.3
108,서울,2018-03-25,9.6,,3.5,19.12,3.4
108,서울,2018-03-26,11,,4.4,19.06,3.6
108,서울,2018-03-27,13.3,,3.9,15.98,2.6
108,서울,2018-03-28,14,,4.8,13.94,4.3
108,서울,2018-03-29,15.4,,4,14.86,4.9
108,서울,2018-03-30,14.8,,3.8,20.01,.5
108,서울,2018-03-31,14,,4.5,17.08,4.4
108,서울,2018-04-01,15.6,,3.5,7.25,9.1
108,서울,2018-04-02,18.4,,4.5,14.14,6.1
108,서울,2018-04-03,17.8,.1,4.4,6.88,9.1
108,서울,2018-04-04,13.4,18.5,5.1,19.56,6.1
108,서울,2018-04-05,7.6,10.5,3.5,2.15,9.9
108,서울,2018-04-06,5.8,6.5,5.7,11.19,8.9
108,서울,2018-04-07,4.2,.2,6,18.24,5.1
108,서울,2018-04-08,3.9,3,3.6,7.93,6.1
108,서울,2018-04-09,7.9,,2.9,21.52,2.6
108,서울,2018-04-10,15.1,5,8.8,17.52,6.3
108,서울,2018-04-11,12.6,,6.1,24.86,2.6
108,서울,2018-04-12,13.3,,6.2,24.56,1.3
108,서울,2018-04-13,14.6,,3.7,12.68,8.9
108,서울,2018-04-14,9,9,4.1,3.49,8.9
108,서울,2018-04-15,9.5,,4.9,17.29,3.1
108,서울,2018-04-16,11.6,,4.7,24.79,1
108,서울,2018-04-17,12.9,,5.5,24.03,.9
108,서울,2018-04-18,12.4,,3.9,25.09,.4
108,서울,2018-04-19,14,,5.1,22.36,0
108,서울,2018-04-20,18.4,,3.6,22.68,.5
108,서울,2018-04-21,18.7,,4.6,26.14,3.4
108,서울,2018-04-22,15.5,15.5,2.9,5.09,9.5
108,서울,2018-04-23,9.3,59,3,2.59,10
108,서울,2018-04-24,12.1,3,2.8,10.14,8
108,서울,2018-04-25,14.6,,4.4,24.97,.8
108,서울,2018-04-26,14.9,,5.1,21.87,3.9
108,서울,2018-04-27,15.7,,3.8,22.9,.1
108,서울,2018-04-28,15.4,,4.8,26.04,0
108,서울,2018-04-29,16.2,,4.3,24.5,2.4
108,서울,2018-04-30,19.2,,3.6,20.74,5.5
108,서울,2018-05-01,20.4,0,4,12.42,8.5
108,서울,2018-05-02,15.1,12,5.2,2.47,9.9
108,서울,2018-05-03,11.2,1,5.3,12.18,3.6
108,서울,2018-05-04,14.1,,5.9,27.26,1.4
108,서울,2018-05-05,18.3,,4.8,22.26,6
108,서울,2018-05-06,16.6,22,3.9,9.31,9.3
108,서울,2018-05-07,19.2,,3.7,17.7,6
108,서울,2018-05-08,17.5,,2.7,23.25,3
108,서울,2018-05-09,15.7,,3.6,26.77,.1
108,서울,2018-05-10,15.4,,5.4,26.53,3.1
108,서울,2018-05-11,16.1,,3.5,18.7,9.5
108,서울,2018-05-12,14.2,32,2.9,1.32,10
108,서울,2018-05-13,15.8,.5,3.9,16.37,5.3
108,서울,2018-05-14,18.2,,3.4,19.19,6.6
108,서울,2018-05-15,23.2,0,3.4,21.18,8.5
108,서울,2018-05-16,22.3,45,6.1,1.6,10
108,서울,2018-05-17,20.9,83,8,3.96,10
108,서울,2018-05-18,16.3,6.5,2.7,5.64,8.3
108,서울,2018-05-19,17.6,,2.9,29.13,0
108,서울,2018-05-20,17,,2.8,14.42,4.6
108,서울,2018-05-21,17.8,,3.5,24.59,3.9
108,서울,2018-05-22,18.1,12.5,3.1,10.87,9
108,서울,2018-05-23,17.3,6.5,5,29.2,1.4
108,서울,2018-05-24,18.3,,5.4,27.02,.5
108,서울,2018-05-25,19.7,,4.5,25.48,3.4
108,서울,2018-05-26,21.8,,4,26.86,1
108,서울,2018-05-27,20.3,,4.1,17.12,7.3
108,서울,2018-05-28,22.3,,4.3,26.49,3.8
108,서울,2018-05-29,21.4,1,4.4,13.34,9.4
108,서울,2018-05-30,20.2,0,4.4,21.67,4.6
108,서울,2018-05-31,20.9,,3.6,26.94,.9
108,서울,2018-06-01,23.8,,4.3,27.94,0
108,서울,2018-06-02,23.4,,4.5,28.49,1.4
108,서울,2018-06-03,24,,4.2,27.18,4
108,서울,2018-06-04,22.6,,4.4,21.13,7.9
108,서울,2018-06-05,23.7,,4,24.35,1.4
108,서울,2018-06-06,23,,4,26.6,1
108,서울,2018-06-07,22.2,,4.1,24.04,4.5
108,서울,2018-06-08,21.9,,3.7,18.52,5.5
108,서울,2018-06-09,23.7,.5,3.5,20.24,6.6
108,서울,2018-06-10,21.3,.5,2.9,12.82,9.5
108,서울,2018-06-11,20.2,5,4.3,11.27,8.5
108,서울,2018-06-12,21.3,0,4.7,23.45,4.5
108,서울,2018-06-13,22,0,5.1,15.75,7.4
108,서울,2018-06-14,21.6,29,3.7,10.34,9.5
108,서울,2018-06-15,21.7,16.5,2.7,23.64,6.1
108,서울,2018-06-16,22.5,,2.8,28.06,.8
108,서울,2018-06-17,22.8,,3.9,14.78,7.8
108,서울,2018-06-18,24.8,,4,26.17,3.6
108,서울,2018-06-19,22.4,,3.6,17.65,8.1
108,서울,2018-06-20,22.7,,4.2,24.52,5.4
108,서울,2018-06-21,23.7,,4.4,28.21,3
108,서울,2018-06-22,25,,4.3,27.4,5.1
108,서울,2018-06-23,24.5,,4.4,22.19,8
108,서울,2018-06-24,25.2,,3.7,25.7,4
108,서울,2018-06-25,27.1,,3.2,20.44,7.9
108,서울,2018-06-26,22.3,71.5,5.7,1.29,10
108,서울,2018-06-27,22.3,1,4.5,13.56,8.8
108,서울,2018-06-28,23.3,26.5,4.3,9.31,9.5
108,서울,2018-06-29,24.7,6.5,3.2,18.79,7.3
108,서울,2018-06-30,24.4,14.5,5.1,8.76,9.1
108,서울,2018-07-01,21.9,83.5,2.3,2.09,9.9
108,서울,2018-07-02,22.6,59.5,2.9,4.73,9.6
108,서울,2018-07-03,27.4,.1,2.6,22.88,6
108,서울,2018-07-04,27.3,,3.9,22.43,7.1
108,서울,2018-07-05,25.3,.5,3,10.88,8.6
108,서울,2018-07-06,23.9,,3.4,15.83,8.5
108,서울,2018-07-07,23.7,,2.3,27.32,3.6
108,서울,2018-07-08,23.3,,2.8,23.98,7
108,서울,2018-07-09,20.8,14,1.8,4,9.9
108,서울,2018-07-10,23.7,16.5,1.6,5.92,9.8
108,서울,2018-07-11,26.8,3,3.9,8.74,9.6
108,서울,2018-07-12,26.6,1,3.6,9.92,7.5
108,서울,2018-07-13,27.3,,3.4,15.6,6.4
108,서울,2018-07-14,27.9,0,4.2,21.51,5
108,서울,2018-07-15,28.3,,3.7,22.91,2.6
108,서울,2018-07-16,28.7,,3.6,26.67,.4
108,서울,2018-07-17,28.1,,4.1,25.57,1.3
108,서울,2018-07-18,28.2,,4.1,25.14,.8
108,서울,2018-07-19,28.7,,3.2,27.8,.1
108,서울,2018-07-20,29.5,,3.3,25.73,.4
108,서울,2018-07-21,30.6,,3.6,26.62,.3
108,서울,2018-07-22,31.8,,3.7,25.51,3.5
108,서울,2018-07-23,31.7,,4,18.94,7.9
108,서울,2018-07-24,31.4,,4,18.42,4.4
108,서울,2018-07-25,30.1,,3.8,14.36,6.3
108,서울,2018-07-26,30.1,,3.4,12.21,5.8
108,서울,2018-07-27,30.9,,3.7,19.29,2.3
108,서울,2018-07-28,29.5,7.5,3.6,9.59,5.5
108,서울,2018-07-29,31.3,,2.9,22.33,2.4
108,서울,2018-07-30,31.7,,2.4,19.68,3.1
108,서울,2018-07-31,32.6,,3.6,24.5,2.8
108,서울,2018-08-01,33.6,,4,25.69,.8
108,서울,2018-08-02,33.7,,3.2,18.58,4
108,서울,2018-08-03,33.1,,4.2,21.09,1
108,서울,2018-08-04,31.1,,4.6,20.45,3.4
108,서울,2018-08-05,30,2,4.9,20.62,6.5
108,서울,2018-08-06,30.5,6.5,4.4,17.86,7.6
108,서울,2018-08-07,30.5,,3.7,15.62,3.6
108,서울,2018-08-08,31,,4.6,20.59,3
108,서울,2018-08-09,28.8,2,4.2,11.11,7.3
108,서울,2018-08-10,30.7,,3.6,21.85,3.5
108,서울,2018-08-11,31,,3.3,21.37,2.9
108,서울,2018-08-12,30.6,5,3.7,18.23,6.5
108,서울,2018-08-13,30.5,1,3.2,12.29,7.3
108,서울,2018-08-14,31.7,,4,18.37,6.9
108,서울,2018-08-15,31.7,1,5.8,18.41,6.4
108,서울,2018-08-16,29.9,,3,24.88,3.3
108,서울,2018-08-17,27.2,,3.5,26.23,0
108,서울,2018-08-18,26.7,,3.8,23.27,5
108,서울,2018-08-19,28.2,,3.3,19.79,7.9
108,서울,2018-08-20,29.1,0,5.1,15.07,8.4
108,서울,2018-08-21,26.6,5,7.1,12.86,6.3
108,서울,2018-08-22,30.7,,3.2,22.27,4.5
108,서울,2018-08-23,29.4,3,2.8,9.3,9.5
108,서울,2018-08-24,24.4,7.5,4.2,5.69,9.6
108,서울,2018-08-25,25.2,,5.3,16.21,7
108,서울,2018-08-26,23.2,2,3.8,13.54,6.4
108,서울,2018-08-27,22.7,19.5,2.1,7.84,8.9
108,서울,2018-08-28,23.7,96.5,3.7,4.42,9
108,서울,2018-08-29,25.2,42,4.5,2.75,10
108,서울,2018-08-30,25.3,9.5,3.7,8.74,9.4
108,서울,2018-08-31,25.6,.1,3.7,22.17,4.5
108,서울,2018-09-01,25.5,,2.3,21.01,1.5
108,서울,2018-09-02,25.1,,2.8,20.34,5.5
108,서울,2018-09-03,23.3,34.5,5.5,3.36,9.8
108,서울,2018-09-04,23.2,,5.2,21.64,5.1
108,서울,2018-09-05,24,,5.7,22.46,1.9
108,서울,2018-09-06,24.1,1,5,11.03,7.9
108,서울,2018-09-07,22,.5,4.3,19.58,4.9
108,서울,2018-09-08,21.7,,3.9,22.75,.3
108,서울,2018-09-09,22.2,,2.8,21.4,1.4
108,서울,2018-09-10,22.9,,2.7,19.84,2.4
108,서울,2018-09-11,21.6,,2.4,17.85,7.5
108,서울,2018-09-12,22.8,,3.2,20.39,4.1
108,서울,2018-09-13,23.5,,2.4,12.93,7.9
108,서울,2018-09-14,23.5,.5,2.6,9.8,8.3
108,서울,2018-09-15,23.3,.2,2.4,7.44,9.8
108,서울,2018-09-16,22.2,2,3.7,6.44,10
108,서울,2018-09-17,22.3,.1,3.8,20.42,5.3
108,서울,2018-09-18,22,,3.4,15.85,8.3
108,서울,2018-09-19,22.1,.2,2.9,10.66,9.5
108,서울,2018-09-20,19,5,2.9,4.08,10
108,서울,2018-09-21,19.4,18,2.3,6.31,9.3
108,서울,2018-09-22,20.8,6.5,5.3,19.06,2.1
108,서울,2018-09-23,19.4,0,4.3,14.77,4.4
108,서울,2018-09-24,17.6,,4.4,20.96,1.1
108,서울,2018-09-25,17.8,,2.2,20.19,2.1
108,서울,2018-09-26,19.4,,2.7,17.06,5
108,서울,2018-09-27,18.9,,2.4,18.26,.9
108,서울,2018-09-28,17.5,,2.1,8.76,6.1
108,서울,2018-09-29,20.2,,2.4,19.37,.4
108,서울,2018-09-30,17.6,,5.5,16.95,.6
108,서울,2018-10-01,15.4,0,6.1,15.1,4.5
108,서울,2018-10-02,15.9,,4.1,18.84,.5
108,서울,2018-10-03,17.3,,4,18.49,0
108,서울,2018-10-04,19.3,,2.4,15.88,6.5
108,서울,2018-10-05,16.9,36.5,3.2,2.74,9.8
108,서울,2018-10-06,18,55.5,5.3,6.86,7.5
108,서울,2018-10-07,16.4,,3.6,15.65,2.9
108,서울,2018-10-08,14.8,,2.7,15.28,4.4
108,서울,2018-10-09,15.3,0,2.7,8.89,9
108,서울,2018-10-10,12,7,4.7,10.3,6.8
108,서울,2018-10-11,9.7,,5.6,15.42,1.4
108,서울,2018-10-12,10.9,,3.2,17.67,0
108,서울,2018-10-13,12.5,,2.9,16.78,0
108,서울,2018-10-14,13.2,,3.1,16.08,3.4
108,서울,2018-10-15,15.2,,3.5,11.26,4
108,서울,2018-10-16,14.5,,3,13.15,5.6
108,서울,2018-10-17,12.4,,3.6,16.44,0
108,서울,2018-10-18,12.7,,2.7,13.37,3.1
108,서울,2018-10-19,13.1,,3.8,16.23,0
108,서울,2018-10-20,13.4,,3,15.97,1.1
108,서울,2018-10-21,13.4,,2.9,15.77,2.4
108,서울,2018-10-22,14,,2.6,12.13,5.3
108,서울,2018-10-23,12.2,5,5,7.68,5.4
108,서울,2018-10-24,12.5,,3.4,13.64,.5
108,서울,2018-10-25,13.8,,1.6,13.56,4
108,서울,2018-10-26,12.2,11,5.4,3,7.5
108,서울,2018-10-27,8.7,,5.8,11.6,1.6
108,서울,2018-10-28,8.3,5.5,5.9,6.66,7.3
108,서울,2018-10-29,7.2,0,5.3,9.84,5.9
108,서울,2018-10-30,6.1,0,3.5,14.55,3.3
108,서울,2018-10-31,7.4,0,4.1,14.51,.8
108,서울,2018-11-01,8.4,,3.6,13.95,0
108,서울,2018-11-02,10.6,,2.5,13.52,0
108,서울,2018-11-03,11.2,,4,13.59,0
108,서울,2018-11-04,11.6,,3.4,13.41,2.1
108,서울,2018-11-05,11.9,,2.3,11.09,5.3
108,서울,2018-11-06,12.2,,2.6,7.85,6.9
108,서울,2018-11-07,12.8,2,2.8,4.05,9.9
108,서울,2018-11-08,11.8,64,5,1.31,10
108,서울,2018-11-09,12.1,1,5.6,9.75,7.9
108,서울,2018-11-10,11.9,0,3.3,11.14,3.1
108,서울,2018-11-11,8.1,0,3.7,3.72,6.4
108,서울,2018-11-12,8.1,,3.3,12.12,0
108,서울,2018-11-13,8.8,,3,11.7,.4
108,서울,2018-11-14,9.8,,3.1,11.61,.1
108,서울,2018-11-15,9.7,,2.4,9.55,4.8
108,서울,2018-11-16,8.8,,4,8.28,6.5
108,서울,2018-11-17,4.9,,3.7,9.17,4.6
108,서울,2018-11-18,6.1,,3.1,7.49,6.9
108,서울,2018-11-19,6.5,,4.4,7.83,1.9
108,서울,2018-11-20,6.5,.2,4.2,11.03,2
108,서울,2018-11-21,5.8,1,4.5,2.95,8.4
108,서울,2018-11-22,2.3,,5.6,10.82,.8
108,서울,2018-11-23,1.9,,3.7,10.76,3.1
108,서울,2018-11-24,2.6,10.9,3.3,3.38,9
108,서울,2018-11-25,4.8,,1.9,7.9,3.8
108,서울,2018-11-26,6.3,,1.9,10.05,.6
108,서울,2018-11-27,7.1,,3.7,4.62,6.1
108,서울,2018-11-28,5,,3.7,9.68,3.8
108,서울,2018-11-29,3.5,0,3.3,2.81,5.8
108,서울,2018-11-30,2.7,,3.3,10.22,1
108,서울,2018-12-01,5.5,,2.5,9.88,3.6
108,서울,2018-12-02,8.2,,2.2,5.59,6.5
108,서울,2018-12-03,11.5,9.5,3.2,.65,9.9
108,서울,2018-12-04,6.7,5,5.6,3.33,7.8
108,서울,2018-12-05,0,,4,6.33,6.4
108,서울,2018-12-06,2.4,0,5.7,7.77,8.1
108,서울,2018-12-07,-7.3,,5.9,10.91,1.1
108,서울,2018-12-08,-8.3,,5.5,10.75,1.4
108,서울,2018-12-09,-7.2,,3.4,10.57,2
108,서울,2018-12-10,-2.5,,2.9,9.46,3
108,서울,2018-12-11,.2,,3.9,3.59,7.9
108,서울,2018-12-12,-1.9,,4,10.42,0
108,서울,2018-12-13,-2.2,1.3,5.8,5.83,5
108,서울,2018-12-14,-4.4,,3.5,10.4,0
108,서울,2018-12-15,-2.4,,2.1,8.83,3.6
108,서울,2018-12-16,0,.3,1.7,3.19,9.3
108,서울,2018-12-17,1.6,.3,4.3,8.92,1.3
108,서울,2018-12-18,2.6,,4.1,7.67,3
108,서울,2018-12-19,4,,3.3,9.29,2.9
108,서울,2018-12-20,3.4,,2.4,8.78,3.1
108,서울,2018-12-21,5.6,,2.6,5.82,8.5
108,서울,2018-12-22,6.9,,3.6,8.93,4.3
108,서울,2018-12-23,2.4,,5.7,9.58,2.6
108,서울,2018-12-24,-2.3,,3.6,10.5,.3
108,서울,2018-12-25,.6,,2.7,5.67,7.4
108,서울,2018-12-26,-1.5,,4.5,9.97,4.4
108,서울,2018-12-27,-10.1,,5.8,10.44,.5
108,서울,2018-12-28,-10.5,,4.4,10.36,.6
108,서울,2018-12-29,-7.6,,5.5,10.57,0
108,서울,2018-12-30,-6.8,,3.1,10.48,.8
108,서울,2018-12-31,-5.4,,3.4,9.16,1.6
108,서울,2019-01-01,-5,,4.3,7.84,3.4
108,서울,2019-01-02,-4.9,,3.6,10.48,0
108,서울,2019-01-03,-3.5,,2.9,10.28,.1
108,서울,2019-01-04,-1.1,,3,6.2,5.5
108,서울,2019-01-05,-2.8,,4.3,10.05,.5
108,서울,2019-01-06,-2.8,,3.2,9.64,3.1
108,서울,2019-01-07,-1.9,,4.7,8.71,4
108,서울,2019-01-08,-3.5,,6.5,10.46,0
108,서울,2019-01-09,-4.7,,3.5,8.47,4.9
108,서울,2019-01-10,-.6,,3.8,5.92,8.1
108,서울,2019-01-11,2.4,,2.6,8.53,6.1
108,서울,2019-01-12,2.8,,3.5,7.71,3.9
108,서울,2019-01-13,1.2,,3.2,9.97,0
108,서울,2019-01-14,1.4,,2.5,6.03,4.5
108,서울,2019-01-15,-1.7,0,6.1,6.93,3.8
108,서울,2019-01-16,-5.2,0,4.3,10.36,4.1
108,서울,2019-01-17,-.3,0,5,11.07,1.8
108,서울,2019-01-18,.6,,4.5,10.4,3
108,서울,2019-01-19,3.6,,3,6.27,7.8
108,서울,2019-01-20,-1.4,,5.5,11.56,1.1
108,서울,2019-01-21,-1.2,0,4.3,3.07,4.1
108,서울,2019-01-22,1.7,,4.4,9.85,1.1
108,서울,2019-01-23,2,,5.1,10.85,.9
108,서울,2019-01-24,.1,,3.5,11.71,2.1
108,서울,2019-01-25,-1.2,,5.5,11.56,1.3
108,서울,2019-01-26,-2.5,,4.4,12.29,0
108,서울,2019-01-27,-.1,,3.7,10.31,4.3
108,서울,2019-01-28,1.2,0,6.8,11.76,1.3
108,서울,2019-01-29,-.2,,3.7,11.87,2.1
108,서울,2019-01-30,1.8,,3.8,9.13,6.9
108,서울,2019-01-31,-2,,4.7,5.97,7
108,서울,2019-02-01,-2.1,.3,4.9,9.71,3
108,서울,2019-02-02,1.4,0,1.8,4.48,7.5
108,서울,2019-02-03,3.3,16,4,.54,9.3
108,서울,2019-02-04,-.6,,4.9,12.74,2.4
108,서울,2019-02-05,2.8,,2.9,11.81,3.9
108,서울,2019-02-06,5.1,,3.1,6.87,8.1
108,서울,2019-02-07,-2.1,.5,5.5,13.09,4.3
108,서울,2019-02-08,-6.1,,4.7,12.08,6.1
108,서울,2019-02-09,-5.4,,4.9,13.27,4.4
108,서울,2019-02-10,-5,,3.6,7.83,7.5
108,서울,2019-02-11,-3,,4.9,14.53,.4
108,서울,2019-02-12,-.6,0,4.3,12.34,5.6
108,서울,2019-02-13,-2.1,,5.1,14.15,1.8
108,서울,2019-02-14,-.5,,3.2,14.39,5.3
108,서울,2019-02-15,-.8,2.2,4,3.57,9.1
108,서울,2019-02-16,-2.7,.2,4.6,13.19,2.4
108,서울,2019-02-17,-1.8,,4.2,16.08,.1
108,서울,2019-02-18,.9,,2.8,10.19,7.4
108,서울,2019-02-19,1.4,4.6,3.9,3.43,9.4
108,서울,2019-02-20,1.7,0,4.1,6.26,6.5
108,서울,2019-02-21,2.4,,3.4,14.6,0
108,서울,2019-02-22,4,,3.7,15.33,5.4
108,서울,2019-02-23,6.8,,2.9,16.04,2.9
108,서울,2019-02-24,6.3,,4.9,16.07,1.6
108,서울,2019-02-25,4.7,,4.8,14.21,4.8
108,서울,2019-02-26,5.2,,4.9,16.25,3.6
108,서울,2019-02-27,7.8,,4.3,12.84,7.5
108,서울,2019-02-28,6.6,,4.7,14.07,3.3
108,서울,2019-03-01,6.6,,4.4,15.38,.3
108,서울,2019-03-02,7.8,,3.3,13.57,5.8
108,서울,2019-03-03,9.4,,3.3,15.37,4.8
108,서울,2019-03-04,9.9,,4.7,14.87,2.3
108,서울,2019-03-05,8.4,,3.9,9.21,8.6
108,서울,2019-03-06,8.4,,4.3,10.39,6.3
108,서울,2019-03-07,7,,5.1,15.76,1.5
108,서울,2019-03-08,6.1,,4.2,18.67,.1
108,서울,2019-03-09,7.2,,3,14.44,5.4
108,서울,2019-03-10,10.1,,2.9,8.91,7.1
108,서울,2019-03-11,6.6,0,4.3,9.72,4.9
108,서울,2019-03-12,3.9,0,6,5.15,4.9
108,서울,2019-03-13,3.5,0,7.2,17.87,1.8
108,서울,2019-03-14,5,0,3.8,14.02,5.5
108,서울,2019-03-15,5.5,3.5,5.4,9.93,7.4
108,서울,2019-03-16,4.3,,5.1,11.76,5.5
108,서울,2019-03-17,6.3,,4.4,19.62,2
108,서울,2019-03-18,7.1,,4.7,16.33,6.3
108,서울,2019-03-19,10,,3.3,15.01,1.4
108,서울,2019-03-20,10.3,16.5,3.9,4.38,8.8
108,서울,2019-03-21,7.1,3.3,5.5,7.51,7.9
108,서울,2019-03-22,3.3,,5,21.87,.8
108,서울,2019-03-23,3.3,1.7,6.3,12.62,3
108,서울,2019-03-24,4.3,,4.9,22.16,.1
108,서울,2019-03-25,7.3,,5.1,7.53,6.6
108,서울,2019-03-26,11.4,,4.7,20.42,2.6
108,서울,2019-03-27,11.6,,6.4,10.84,8.5
108,서울,2019-03-28,9.4,,4.8,18.21,6.1
108,서울,2019-03-29,9.2,,4.7,21.22,4.6
108,서울,2019-03-30,5.2,1.8,6.3,6.76,9.4
108,서울,2019-03-31,4.4,0,5.5,8.22,5.1
108,서울,2019-04-01,5.5,,5.8,23.42,1.3
108,서울,2019-04-02,6.7,,6.1,22.96,.3
108,서울,2019-04-03,7.6,,5,22.61,.3
108,서울,2019-04-04,9.2,,5,22.72,0
108,서울,2019-04-05,11.4,0,5.4,20.11,3
108,서울,2019-04-06,9.3,.8,2.8,4.48,8.5
108,서울,2019-04-07,12.6,,4.8,21.77,4.4
108,서울,2019-04-08,11.6,,5.2,23.74,3.3
108,서울,2019-04-09,9.2,17.4,4.4,5.64,9.4
108,서울,2019-04-10,7.1,5.6,3.1,6.98,8.3
108,서울,2019-04-11,9.5,,4.7,20.94,4.6
108,서울,2019-04-12,11.4,,5.1,23.73,1.8
108,서울,2019-04-13,11.8,,5,22.96,5.6
108,서울,2019-04-14,9.6,1.7,7.3,8.35,6
108,서울,2019-04-15,11.6,,4.7,24.07,0
108,서울,2019-04-16,14.9,,4.1,23.58,4.8
108,서울,2019-04-17,15.3,,4.9,24.94,3.9
108,서울,2019-04-18,12.6,0,5.3,5.88,6.3
108,서울,2019-04-19,13.8,,3.2,15.84,4.8
108,서울,2019-04-20,14.3,1.2,4.5,14.63,7.1
108,서울,2019-04-21,14.8,.3,4.2,13.42,7.9
108,서울,2019-04-22,19.3,,4.2,23.42,2.3
108,서울,2019-04-23,20.4,0,3.8,13.14,8.4
108,서울,2019-04-24,19.5,4.1,4.5,18.91,5
108,서울,2019-04-25,13.2,11.3,3.6,3.48,9.4
108,서울,2019-04-26,8.4,4.9,3.5,3.51,8
108,서울,2019-04-27,11.6,,3.6,23.24,4.8
108,서울,2019-04-28,12.9,0,3.7,12.09,8.1
108,서울,2019-04-29,13,,2,9.81,5.8
108,서울,2019-04-30,15.5,,4.2,21.75,4.4
108,서울,2019-05-01,16.4,,4.8,24.41,1.9
108,서울,2019-05-02,17.1,,5.1,27.27,0
108,서울,2019-05-03,17.9,,4.4,25.59,0
108,서울,2019-05-04,19.5,,4.1,22.12,4.9
108,서울,2019-05-05,19.2,,5.3,25.14,5.1
108,서울,2019-05-06,14.5,0,5.3,28.25,.3
108,서울,2019-05-07,15,,5,27.02,0
108,서울,2019-05-08,15.6,,5.1,23.39,6.1
108,서울,2019-05-09,16.6,,4.5,25.46,3.1
108,서울,2019-05-10,17.8,,4.1,25.19,3.5
108,서울,2019-05-11,20.3,,3.9,25.19,2
108,서울,2019-05-12,21.6,,3.1,21.82,4.3
108,서울,2019-05-13,18.7,0,4.9,8.51,8.3
108,서울,2019-05-14,19.6,,4.1,25.35,1.6
108,서울,2019-05-15,20.7,,3.9,21.24,4.5
108,서울,2019-05-16,23.5,,4.1,25.19,2.5
108,서울,2019-05-17,23.6,,3.2,14.72,7.5
108,서울,2019-05-18,22.8,0,4.8,16.28,8.5
108,서울,2019-05-19,19.4,22,2.7,5.22,10
108,서울,2019-05-20,16.4,8.7,6.1,24.95,4.5
108,서울,2019-05-21,17.2,,5.9,28.89,0
108,서울,2019-05-22,19.5,,5.4,27.5,1.4
108,서울,2019-05-23,22.1,,3.5,27.36,0
108,서울,2019-05-24,24.2,,4.1,26.13,1.4
108,서울,2019-05-25,23.4,,4.2,18.83,7.9
108,서울,2019-05-26,24.5,,4.5,25.81,6
108,서울,2019-05-27,17.8,7.1,5.3,2.33,8.6
108,서울,2019-05-28,18.1,,4.9,28.01,2.1
108,서울,2019-05-29,20.3,,4.9,28.48,.4
108,서울,2019-05-30,19.6,0,5.4,18.28,7.9
108,서울,2019-05-31,19.1,,5.4,27.46,2.3
108,서울,2019-06-01,18.9,,4.2,21.1,5.5
108,서울,2019-06-02,21.1,,4.6,26.48,.6
108,서울,2019-06-03,23.1,,5,25.57,.6
108,서울,2019-06-04,22.6,,4.4,26.21,3
108,서울,2019-06-05,23,,4.3,24.14,5.4
108,서울,2019-06-06,21.2,7.5,4.1,5.33,9.1
108,서울,2019-06-07,20,35.3,3.5,13.41,7.4
108,서울,2019-06-08,21.9,,4,21.14,5.9
108,서울,2019-06-09,21.6,2.5,4,16.87,8.9
108,서울,2019-06-10,18.4,9.5,2.4,11.01,8
108,서울,2019-06-11,20.5,,3,21.58,3.5
108,서울,2019-06-12,21.5,,4.6,25.26,1.1
108,서울,2019-06-13,23,,4,27.4,3.1
108,서울,2019-06-14,23,,4.2,19.46,6.1
108,서울,2019-06-15,21.9,2.1,5.3,25.94,3.1
108,서울,2019-06-16,22,,4.7,22.45,3.9
108,서울,2019-06-17,21.7,0,4.1,25.36,4.5
108,서울,2019-06-18,20.8,13.8,4,11.26,9.5
108,서울,2019-06-19,21.4,.2,4.1,11.24,9.4
108,서울,2019-06-20,22.7,,4.2,20.91,8
108,서울,2019-06-21,22.1,.2,3.7,12.51,7.3
108,서울,2019-06-22,24.2,,2.9,27.01,2.1
108,서울,2019-06-23,25,,4.4,26.05,3
108,서울,2019-06-24,25.2,,4.1,27.57,1.6
108,서울,2019-06-25,25.6,,4.2,27.13,1.3
108,서울,2019-06-26,25.5,0,3.1,12.11,9.5
108,서울,2019-06-27,25.5,1.4,3.5,14.79,8.3
108,서울,2019-06-28,24.7,0,3.8,10.92,8.5
108,서울,2019-06-29,23.1,1.5,3.2,12.49,8.1
108,서울,2019-06-30,23.9,0,4.5,16.32,6.9
108,서울,2019-07-01,23.9,,5.2,20.33,4.9
108,서울,2019-07-02,24.4,,4.3,21.13,4
108,서울,2019-07-03,24.1,,3.8,12.62,6.4
108,서울,2019-07-04,25.4,,4.5,27.41,2.4
108,서울,2019-07-05,27.6,0,4.3,24.78,3.8
108,서울,2019-07-06,29.7,,3.9,25.87,3.4
108,서울,2019-07-07,26.7,,3.3,22.4,7.5
108,서울,2019-07-08,25.1,,3.3,20.54,6
108,서울,2019-07-09,25,,3.1,18.2,4.9
108,서울,2019-07-10,22.7,8.5,3.3,13.4,8.4
108,서울,2019-07-11,21.9,2.9,2.8,8.59,9.9
108,서울,2019-07-12,23.6,,4.4,18.43,6.8
108,서울,2019-07-13,24.9,0,3.9,15,6.4
108,서울,2019-07-14,25.9,,3.8,20.36,4.5
108,서울,2019-07-15,23.8,7.7,3,7.32,7.5
108,서울,2019-07-16,24.7,6.3,3.4,13.41,7.3
108,서울,2019-07-17,25.6,.7,2.9,11.19,9
108,서울,2019-07-18,26.9,,3.2,12.78,6.4
108,서울,2019-07-19,28.6,0,4.6,21.8,4.6
108,서울,2019-07-20,28,1.1,3.6,10.92,9.5
108,서울,2019-07-21,25.1,6.2,4.4,6.18,9.4
108,서울,2019-07-22,26.7,.1,3.6,13.12,7.5
108,서울,2019-07-23,28.1,,3.6,13.34,8.6
108,서울,2019-07-24,26.5,1,3.4,3.17,9.6
108,서울,2019-07-25,26.3,9.7,3.4,3.47,9.9
108,서울,2019-07-26,25.1,60,4.5,2.35,9.9
108,서울,2019-07-27,28.4,.6,3.9,15.31,7.6
108,서울,2019-07-28,26.1,25.6,4.8,2.87,9.8
108,서울,2019-07-29,27.5,.5,5,9.43,8
108,서울,2019-07-30,28.1,1.2,5.9,8.26,8.8
108,서울,2019-07-31,25.8,62.3,5.3,3.01,9.8
108,서울,2019-08-01,26.3,26.9,4.6,13.55,7.8
108,서울,2019-08-02,28.4,,3,15.74,3.5
108,서울,2019-08-03,29.4,3,4.5,21.04,3.6
108,서울,2019-08-04,28.3,8.6,3.3,17.53,5.8
108,서울,2019-08-05,30.5,,3.2,20.66,2.5
108,서울,2019-08-06,31.6,,2.8,22.91,6.8
108,서울,2019-08-07,26.9,8,2.8,6.91,8
108,서울,2019-08-08,28.9,0,3.6,15.87,6.6
108,서울,2019-08-09,29.8,,4.1,19.37,4.9
108,서울,2019-08-10,31.5,,3.4,22.69,5.1
108,서울,2019-08-11,30.4,6.7,4.1,21.52,6.8
108,서울,2019-08-12,26.6,56.2,2.3,4.8,8.9
108,서울,2019-08-13,29.2,6.4,4.7,16.91,7.4
108,서울,2019-08-14,30.4,,3.1,20.99,4
108,서울,2019-08-15,25.9,16.2,2.7,5.51,9.1
108,서울,2019-08-16,25.9,.1,5,14.1,6.3
108,서울,2019-08-17,25.9,0,4.6,13.25,5
108,서울,2019-08-18,25.6,,3.2,18.61,4.5
108,서울,2019-08-19,26.3,,2.7,18.16,4.6
108,서울,2019-08-20,28.2,,3.2,21.06,2.6
108,서울,2019-08-21,27,1.3,3.2,11.43,7.6
108,서울,2019-08-22,26.9,,4.4,23.16,6.3
108,서울,2019-08-23,26.2,,4.4,23.84,4.4
108,서울,2019-08-24,24.1,,3.5,8.25,5.5
108,서울,2019-08-25,25,,4,17.85,3.4
108,서울,2019-08-26,26.4,,4,18.4,6.4
108,서울,2019-08-27,25.7,20,2.5,13.22,8.1
108,서울,2019-08-28,26.1,,4.3,,5.9
108,서울,2019-08-29,23.4,36.9,7.5,,5.6
108,서울,2019-08-30,22.6,.2,5,17.84,5.3
108,서울,2019-08-31,23.5,,4.7,21.07,2.3
108,서울,2019-09-01,23.7,,2.9,15.17,6.1
108,서울,2019-09-02,24.4,,3.5,16.85,6.1
108,서울,2019-09-03,24.1,0,3.8,11.6,8.5
108,서울,2019-09-04,22.8,22.7,4.5,5.68,9.3
108,서울,2019-09-05,23,36.4,5,6.07,9
108,서울,2019-09-06,25.3,2.4,3.4,9.29,10
108,서울,2019-09-07,25.7,2.8,11.8,2.95,10
108,서울,2019-09-08,24.7,0,4.8,9.31,9.3
108,서울,2019-09-09,25.1,0,3.6,10.04,9.3
108,서울,2019-09-10,23.8,63.2,4,5.74,9.8
108,서울,2019-09-11,24.3,7.6,4.7,16.56,7.9
108,서울,2019-09-12,21,3.9,4.8,4.09,9.8
108,서울,2019-09-13,23.3,.1,3.5,21.35,4.3
108,서울,2019-09-14,22.4,.3,2.9,3.34,8.8
108,서울,2019-09-15,24.2,,4.1,18.19,5.5
108,서울,2019-09-16,24.5,,4.5,19.91,3.6
108,서울,2019-09-17,23.5,,4.4,20.01,6.4
108,서울,2019-09-18,21,,4.9,21.9,1.1
108,서울,2019-09-19,19.5,,4.3,19.83,3.5
108,서울,2019-09-20,19.6,,3.5,8.64,9.4
108,서울,2019-09-21,19.6,,3.7,4.44,9.6
108,서울,2019-09-22,18.6,.4,6.4,3.2,9.4
108,서울,2019-09-23,20,,5,16.92,3.1
108,서울,2019-09-24,19.8,,3.5,20.17,0
108,서울,2019-09-25,20.9,,3,16.44,5.9
108,서울,2019-09-26,22.9,,3.3,15.5,8.4
108,서울,2019-09-27,22.9,,3.1,10.42,8.6
108,서울,2019-09-28,23.7,,3.3,15.97,3.8
108,서울,2019-09-29,22.6,,4,18.83,.3
108,서울,2019-09-30,22.4,,3.4,18.37,0
108,서울,2019-10-01,23.1,,4.4,13.05,6.8
108,서울,2019-10-02,21.6,23.1,5.5,3.4,9.9
108,서울,2019-10-03,22.4,4.6,4.9,10.14,6.3
108,서울,2019-10-04,22.4,,3.9,16.23,3.6
108,서울,2019-10-05,18.7,.6,4.6,8.24,7
108,서울,2019-10-06,18.1,,4.8,16.17,6.1
108,서울,2019-10-07,14.8,25.4,3.6,1.49,9.5
108,서울,2019-10-08,14.7,,6.2,16.78,2.6
108,서울,2019-10-09,13.6,,3.8,17.42,1.9
108,서울,2019-10-10,15.2,,2.8,8.06,9
108,서울,2019-10-11,18.8,,4.9,16.44,.9
108,서울,2019-10-12,17.9,,6.7,17.37,.6
108,서울,2019-10-13,17.2,,4.1,16.52,2.1
108,서울,2019-10-14,14.4,,5.1,14.54,1.9
108,서울,2019-10-15,14.5,,4.3,14.07,3
108,서울,2019-10-16,14.6,,3.6,15.6,5.3
108,서울,2019-10-17,15.4,,3.5,12.02,4.8
108,서울,2019-10-18,17,,4.3,12.08,7.1
108,서울,2019-10-19,17,,3.7,15.17,.8
108,서울,2019-10-20,16.5,,3,14.67,.6
108,서울,2019-10-21,17.1,,2.4,14.4,2.1
108,서울,2019-10-22,18.1,,3.3,13.66,4.4
108,서울,2019-10-23,17,,4.4,8.08,8
108,서울,2019-10-24,18.3,,5.1,11.56,4.5
108,서울,2019-10-25,16.7,0,5.6,12.29,6.6
108,서울,2019-10-26,10,,5.2,13.08,2.3
108,서울,2019-10-27,11,,4.2,14.45,.9
108,서울,2019-10-28,12.9,1.7,4.7,11.62,5.6
108,서울,2019-10-29,12.5,.1,5.2,12.41,1.6
108,서울,2019-10-30,11.2,,3.8,14.08,.3
108,서울,2019-10-31,14.8,,5.2,10.34,4.6
108,서울,2019-11-01,14.9,,3.9,13.85,1.9
108,서울,2019-11-02,13.6,,2.9,7.69,8.1
108,서울,2019-11-03,14.7,,4.7,12.51,4
108,서울,2019-11-04,13.8,,3.7,13.83,0
108,서울,2019-11-05,12.4,,3.8,11.04,1.4
108,서울,2019-11-06,11,,4.4,10.63,5
108,서울,2019-11-07,9.2,,5.3,13.4,1.6
108,서울,2019-11-08,6.8,,4.4,13.98,0
108,서울,2019-11-09,9.5,,4.2,13.15,.3
108,서울,2019-11-10,10,11.8,3.8,6.6,8.9
108,서울,2019-11-11,11.2,1.1,4.8,8.97,5.9
108,서울,2019-11-12,9.3,,2.7,8.06,3.6
108,서울,2019-11-13,7.2,7.5,6,1.25,8.5
108,서울,2019-11-14,1.3,,5.8,13.15,1
108,서울,2019-11-15,5.6,18.8,3.5,1.92,8.1
108,서울,2019-11-16,6.8,,3,8.92,5.5
108,서울,2019-11-17,8.3,21.1,6.4,1.32,9.3
108,서울,2019-11-18,4.6,14.7,7,10.26,7.1
108,서울,2019-11-19,.2,0,5.8,11.93,1.4
108,서울,2019-11-20,.5,,4.6,12.18,0
108,서울,2019-11-21,4.2,,4.2,7.4,6.1
108,서울,2019-11-22,9.7,,4.8,11.2,1.4
108,서울,2019-11-23,12.1,,3.6,8.5,6.1
108,서울,2019-11-24,9.8,3.8,6,3.84,7.1
108,서울,2019-11-25,1.9,,5.9,7.87,4.4
108,서울,2019-11-26,6.6,,4.5,9.78,3.9
108,서울,2019-11-27,3.1,,4.6,10.43,4
108,서울,2019-11-28,3.5,,4.3,11.21,1.8
108,서울,2019-11-29,1.5,,4,11.4,.9
108,서울,2019-11-30,4.1,,3.4,8.01,6
108,서울,2019-12-01,4.6,3.3,4.1,1.89,9.3
108,서울,2019-12-02,-.1,,6.2,10.42,2.4
108,서울,2019-12-03,.5,.6,3.6,5.01,6.3
108,서울,2019-12-04,2,0,4.4,10.18,1
108,서울,2019-12-05,-4.4,,6,11.34,0
108,서울,2019-12-06,-5.9,,3.8,11.24,.6
108,서울,2019-12-07,-2.4,.1,3.1,2.86,6.6
108,서울,2019-12-08,-.9,,3.2,10.65,1.1
108,서울,2019-12-09,3.2,0,3.9,3.46,7.9
108,서울,2019-12-10,8.1,1.7,3.5,5.03,8.9
108,서울,2019-12-11,6.3,.2,7.2,5.75,5.9
108,서울,2019-12-12,-.7,,4.2,10.73,0
108,서울,2019-12-13,2.1,1,4.3,6.07,6.8
108,서울,2019-12-14,2.7,0,5.3,10.07,3
108,서울,2019-12-15,5.3,,3.6,8.91,2.9
108,서울,2019-12-16,7.8,,3.2,7.71,6.1
108,서울,2019-12-17,7.7,9.8,4.5,1.17,8.6
108,서울,2019-12-18,.8,,4.2,9.83,3.5
108,서울,2019-12-19,-.8,0,4.8,9.96,1.8
108,서울,2019-12-20,-1.1,0,3.9,10.45,1.4
108,서울,2019-12-21,-1.2,.6,2.9,3.35,5.5
108,서울,2019-12-22,4.1,.3,3.5,7.2,7.8
108,서울,2019-12-23,3.4,2.9,4.2,5.1,6.1
108,서울,2019-12-24,.8,,3.1,9.43,.8
108,서울,2019-12-25,2,,3.2,6.64,5.9
108,서울,2019-12-26,2,.3,5.2,3.72,5.4
108,서울,2019-12-27,-1.7,,4.3,10.36,0
108,서울,2019-12-28,1.1,,3.7,8.09,3.5
108,서울,2019-12-29,3.8,1.4,4.4,3.28,9
108,서울,2019-12-30,2.7,.4,7.4,2.24,7.5
108,서울,2019-12-31,-7.9,0,7.5,11.11,1.3
108,서울,2020-01-01,-2.2,.1,2.6,4.53,8.9
108,서울,2020-01-02,1,,4,3.47,7.9
108,서울,2020-01-03,-.1,,3.5,10.1,0
108,서울,2020-01-04,1.2,,4.5,9.29,2.1
108,서울,2020-01-05,1.3,,2.9,9.1,3.9
108,서울,2020-01-06,3.1,1.8,5.4,2.03,9.8
108,서울,2020-01-07,6.3,46.3,6.3,.75,10
108,서울,2020-01-08,2.4,11.6,6.3,1.84,9.6
108,서울,2020-01-09,-1.2,,4.3,9.14,1.6
108,서울,2020-01-10,-.6,,3.7,9.39,3.1
108,서울,2020-01-11,-.1,,4.8,10.13,3.6
108,서울,2020-01-12,-1,,4.1,10.33,3.6
108,서울,2020-01-13,-2.9,,4.9,11.15,1.4
108,서울,2020-01-14,-2.3,,3.3,10.06,1
108,서울,2020-01-15,-2.7,,4.5,11.6,.1
108,서울,2020-01-16,-1.7,,4.4,10.75,5
108,서울,2020-01-17,-.6,,3.8,9.85,4.8
108,서울,2020-01-18,.3,,4.2,11.38,2.1
108,서울,2020-01-19,1.9,.6,6.1,6.08,4.8
108,서울,2020-01-20,.7,,5.7,10.24,2.3
108,서울,2020-01-21,-.4,,3.5,11.55,2.9
108,서울,2020-01-22,3,,3.2,6.8,7.8
108,서울,2020-01-23,4.6,,4.7,10.73,3.4
108,서울,2020-01-24,2.8,,3.7,10.53,3
108,서울,2020-01-25,4.3,,3.9,7.86,7.4
108,서울,2020-01-26,5.5,,6.1,11.21,5.8
108,서울,2020-01-27,5.9,.1,7,2.76,9.5
108,서울,2020-01-28,6.8,0,5.4,3.98,7.3
108,서울,2020-01-29,6,,3.6,7.3,6.6
108,서울,2020-01-30,5.2,,3,9.24,4
108,서울,2020-01-31,3.9,0,4.4,9.41,4.8
108,서울,2020-02-01,2.6,,4.7,7.17,3.4
108,서울,2020-02-02,1.5,,4.7,8.39,6.1
108,서울,2020-02-03,-.4,0,5.7,13.56,1.5
108,서울,2020-02-04,-1.6,1.7,6.2,10.01,3.9
108,서울,2020-02-05,-8.3,,5.5,14.82,0
108,서울,2020-02-06,-6.4,,4,13.97,.9
108,서울,2020-02-07,-1.7,0,3.5,10.14,8.9
108,서울,2020-02-08,-.1,0,5.3,13.89,2.5
108,서울,2020-02-09,-.5,0,4.4,14.33,2.8
108,서울,2020-02-10,4,0,4.2,14.22,1.1
108,서울,2020-02-11,6.8,,3.6,10.91,2.3
108,서울,2020-02-12,7.4,6.7,5,2.86,9.9
108,서울,2020-02-13,6.5,,3.2,6.43,9.1
108,서울,2020-02-14,8.1,,3,13.13,2.1
108,서울,2020-02-15,9.8,2,5,8.77,5.8
108,서울,2020-02-16,-1.4,13.4,6.6,4.14,8.9
108,서울,2020-02-17,-5.9,1,5.6,7.08,6.5
108,서울,2020-02-18,-4.1,,4.1,16.78,0
108,서울,2020-02-19,1,,3.2,12.13,6
108,서울,2020-02-20,4.6,,3.3,13.71,2.5
108,서울,2020-02-21,6.7,4.2,5.3,6.5,9.3
108,서울,2020-02-22,4,3.1,8.2,9.06,5.9
108,서울,2020-02-23,2.5,,4.2,17.37,.9
108,서울,2020-02-24,7,,3.4,13.21,7
108,서울,2020-02-25,6.7,16.6,6.8,4.11,7.5
108,서울,2020-02-26,6.4,0,4,10.45,5.3
108,서울,2020-02-27,6.1,,4.4,16.77,2.6
108,서울,2020-02-28,4.5,3.9,4.2,2.41,9.8
108,서울,2020-02-29,7.7,.5,4.2,17.12,3
108,서울,2020-03-01,5.8,.2,4.7,5.4,8.1
108,서울,2020-03-02,3.4,0,4.9,17.08,1.6
108,서울,2020-03-03,4.8,,4.7,10.62,6.5
108,서울,2020-03-04,2.2,0,6.8,10.41,5.1
108,서울,2020-03-05,1.4,,4.1,19.25,0
108,서울,2020-03-06,3.7,,3.6,16.82,2.5
108,서울,2020-03-07,7,,4.1,13,5.4
108,서울,2020-03-08,9.3,,4.6,18.27,.3
108,서울,2020-03-09,11.1,,4.5,14.19,6.5
108,서울,2020-03-10,6.4,11.8,5.3,2.72,7.5
108,서울,2020-03-11,3.8,,5.5,20.72,0
108,서울,2020-03-12,6.8,,5.4,14.32,4
108,서울,2020-03-13,4.9,.5,5.4,17.82,6.6
108,서울,2020-03-14,3.6,,6.8,18.6,2.1
108,서울,2020-03-15,4,,7.8,17.29,3.1
108,서울,2020-03-16,3.6,,5.2,21.18,1
108,서울,2020-03-17,6.6,,5.2,6.89,4.8
108,서울,2020-03-18,10,,4.4,20.66,0
108,서울,2020-03-19,9.1,0,8.2,15.51,3.4
108,서울,2020-03-20,8.8,,6.6,20.58,.4
108,서울,2020-03-21,12.8,,5.1,14.83,6.9
108,서울,2020-03-22,11,,5.6,22.54,.1
108,서울,2020-03-23,10.6,,4.8,20.72,0
108,서울,2020-03-24,11.4,,4,21.06,0
108,서울,2020-03-25,12.5,,5.3,19.29,4
108,서울,2020-03-26,14.8,1.8,5.3,11.97,6.9
108,서울,2020-03-27,11.9,2,5.8,17.04,5.1
108,서울,2020-03-28,7.7,,5.5,19.87,5.1
108,서울,2020-03-29,8.7,,4.6,23.12,1.5
108,서울,2020-03-30,10.2,,4.1,22.73,.9
108,서울,2020-03-31,11.9,,4.4,20.68,5.5
108,서울,2020-04-01,11.3,,7.3,19.12,3.5
108,서울,2020-04-02,9.3,,5.5,21.25,2.6
108,서울,2020-04-03,10,,5.7,22.56,1.3
108,서울,2020-04-04,8.9,,6.3,23.33,.8
108,서울,2020-04-05,7.2,,5.4,24.58,0
108,서울,2020-04-06,9.3,,5.9,22.51,3.5
108,서울,2020-04-07,10.6,,5.1,19.3,2.1
108,서울,2020-04-08,9.4,,5.9,24.86,0
108,서울,2020-04-09,8.9,,5.7,24.79,1.3
108,서울,2020-04-10,10.7,,4.1,21.07,4.8
108,서울,2020-04-11,9.9,,4.9,19.4,4.8
108,서울,2020-04-12,9.9,,7.4,19.25,3.1
108,서울,2020-04-13,12.4,,5.5,26.02,1.9
108,서울,2020-04-14,13,,5.3,25.93,1.3
108,서울,2020-04-15,13.2,,5.6,21.49,5.4
108,서울,2020-04-16,16,,4.5,22.96,2.9
108,서울,2020-04-17,12.5,6.5,4.8,4.23,9.1
108,서울,2020-04-18,13.5,,4.8,23.09,2.6
108,서울,2020-04-19,12.3,10.3,5.2,5.25,9.5
108,서울,2020-04-20,10,.1,6.8,7.34,7.4
108,서울,2020-04-21,7.4,,8.9,23.63,3.6
108,서울,2020-04-22,6,0,6.4,15.89,4.1
108,서울,2020-04-23,7.9,,7.9,25.72,1.6
108,서울,2020-04-24,9.9,,8.2,26.61,1.8
108,서울,2020-04-25,13.1,,7.8,18.9,3.3
108,서울,2020-04-26,12.3,,6.5,28.36,.8
108,서울,2020-04-27,12.9,,5.5,22.98,3.4
108,서울,2020-04-28,13.9,,5.5,26.97,0
108,서울,2020-04-29,14.9,,5.2,26.1,.4
108,서울,2020-04-30,17.1,,5.9,24.03,5.3
108,서울,2020-05-01,20.2,,5.5,18.96,6.6
108,서울,2020-05-02,20.3,0,4.6,9.43,9
108,서울,2020-05-03,21.8,0,3.9,19.41,7
108,서울,2020-05-04,20.2,,4.6,25.42,3.4
108,서울,2020-05-05,16,,5.3,9.41,5.4
108,서울,2020-05-06,19.4,,4.4,28.51,1.8
108,서울,2020-05-07,20.7,,4.3,23.93,6.8
108,서울,2020-05-08,19.9,2.3,4.5,23.26,7.4
108,서울,2020-05-09,14.2,24.4,5.9,3,10
108,서울,2020-05-10,14.4,1.3,4.1,6.77,9
108,서울,2020-05-11,16.5,3.4,5.6,22.98,8.1
108,서울,2020-05-12,14.3,.7,5.4,13.6,3.3
108,서울,2020-05-13,16.1,,6.5,29.7,.6
108,서울,2020-05-14,19.3,,4.3,20.64,8.3
108,서울,2020-05-15,16.1,12,5.3,3.43,10
108,서울,2020-05-16,16.7,2.5,3.3,7.6,9.5
108,서울,2020-05-17,19.1,0,4.3,15.26,7.1
108,서울,2020-05-18,19.1,29.8,7.2,14.07,8.5
108,서울,2020-05-19,13,19,7.2,15.29,7.6
108,서울,2020-05-20,14.4,0,3,20.91,6
108,서울,2020-05-21,17.4,,3.3,24.35,4.8
108,서울,2020-05-22,18.5,0,4.9,13.07,8.6
108,서울,2020-05-23,20.1,0,4.7,23.24,7.4
108,서울,2020-05-24,17.1,14.5,6.5,10.59,8.4
108,서울,2020-05-25,16.6,,3.8,16.88,8.1
108,서울,2020-05-26,16.2,1.5,5.4,18.49,7.8
108,서울,2020-05-27,17.4,,5.9,30.06,1.5
108,서울,2020-05-28,18.7,0,3.9,22.83,3.9
108,서울,2020-05-29,20.7,,4.1,28.09,1.3
108,서울,2020-05-30,22.6,,4.3,26.5,1.1
108,서울,2020-05-31,21.2,1,5.7,19.15,8.5
108,서울,2020-06-01,19.7,.4,6.2,30.35,3.8
108,서울,2020-06-02,17.9,2,4.1,5.89,9.3
108,서울,2020-06-03,22,,5.6,24.64,5.8
108,서울,2020-06-04,21.9,.2,4.7,19.77,8.4
108,서울,2020-06-05,23,,3.8,23.36,5.5
108,서울,2020-06-06,24.6,,4.4,23.38,2.3
108,서울,2020-06-07,22.7,,5.1,26.04,3.3
108,서울,2020-06-08,25,,5.5,26.13,3
108,서울,2020-06-09,26.7,,4.3,28.36,3
108,서울,2020-06-10,25.8,6.2,6.2,18.85,9
108,서울,2020-06-11,26.1,0,4.6,26.03,5.8
108,서울,2020-06-12,24.7,,3,11.51,8.1
108,서울,2020-06-13,26.9,0,5,28.11,5.5
108,서울,2020-06-14,24,1.1,5.9,22.52,4.4
108,서울,2020-06-15,23,,6.3,26.53,6
108,서울,2020-06-16,24.4,,4.4,24.74,6
108,서울,2020-06-17,24.3,,4.3,21.25,7.4
108,서울,2020-06-18,23.4,,3.4,11,9
108,서울,2020-06-19,24.7,.1,4.2,19.6,6.3
108,서울,2020-06-20,24.9,,4.6,24.75,.9
108,서울,2020-06-21,26.1,,4.5,27.82,.1
108,서울,2020-06-22,28.6,,4.1,28.95,1.6
108,서울,2020-06-23,27.3,0,3.7,16.97,7.5
108,서울,2020-06-24,22.3,37.6,5.7,2.91,10
108,서울,2020-06-25,21.6,13.3,4.3,6.11,10
108,서울,2020-06-26,21.8,2.1,5.3,13.03,8.3
108,서울,2020-06-27,24.1,0,5.4,22.18,6.1
108,서울,2020-06-28,25.2,,4.7,28.6,1.9
108,서울,2020-06-29,23.8,11.9,5.9,8.4,8.6
108,서울,2020-06-30,20.1,64.7,7.6,6.2,10
108,서울,2020-07-01,21.1,0,3.7,9.47,7.6
108,서울,2020-07-02,24.2,,3.4,19.15,6.6
108,서울,2020-07-03,25.5,.1,6.1,27.47,6.8
108,서울,2020-07-04,24.2,1.6,4.4,26.88,7.6
108,서울,2020-07-05,23.8,,3.5,20.85,5.3
108,서울,2020-07-06,25.6,,4.7,19.28,7.4
108,서울,2020-07-07,24.1,0,4,15.15,6.3
108,서울,2020-07-08,25.5,,3.7,25.81,2.9
108,서울,2020-07-09,27.5,,3.6,23.1,4.8
108,서울,2020-07-10,24.5,2.2,6.6,12.3,6.6
108,서울,2020-07-11,25.8,,5,21.82,7.3
108,서울,2020-07-12,23.5,2.9,3.6,7.67,9.1
108,서울,2020-07-13,18.7,47.6,5.9,4.58,10
108,서울,2020-07-14,20.3,11.5,4.4,12.46,9.9
108,서울,2020-07-15,23.4,,3.4,26.6,5.1
108,서울,2020-07-16,25,,3.5,25.76,4.1
108,서울,2020-07-17,26,0,5.6,22.28,4.5
108,서울,2020-07-18,26.1,,4,15.49,5.4
108,서울,2020-07-19,24,29.1,4.3,4.92,9.9
108,서울,2020-07-20,23.8,3.6,7,5.15,9.6
108,서울,2020-07-21,25,0,4.2,17.83,6.3
108,서울,2020-07-22,23.7,11.5,3.4,4.5,9.8
108,서울,2020-07-23,21.1,103.1,8.3,2.72,10
108,서울,2020-07-24,22.5,2.9,8.7,10.46,9.3
108,서울,2020-07-25,24.3,0,6.1,15.59,7.8
108,서울,2020-07-26,25.4,0,3.3,18.14,7.4
108,서울,2020-07-27,24.3,2.2,3.2,7.72,10
108,서울,2020-07-28,24.4,.4,3.1,8.38,9.9
108,서울,2020-07-29,23.7,50.1,3.4,3.18,10
108,서울,2020-07-30,25.3,.1,3.8,15.34,8.3
108,서울,2020-07-31,26.2,1.5,4.6,14.5,6.9
108,서울,2020-08-01,25.3,39.1,4.9,5.31,9.8
108,서울,2020-08-02,24.9,31.4,7.5,2.55,10
108,서울,2020-08-03,25,102.6,8.3,3.09,10
108,서울,2020-08-04,27,3.9,5.7,8.06,9.6
108,서울,2020-08-05,26.5,18.5,4.6,5.02,9.8
108,서울,2020-08-06,24.1,75.7,6.5,6.74,8
108,서울,2020-08-07,24.3,0,3.3,6.7,9
108,서울,2020-08-08,24.2,19.1,3.7,6.96,9.1
108,서울,2020-08-09,24.9,50.3,6.8,1.43,9.8
108,서울,2020-08-10,26.5,44.6,4.3,7.77,9.9
108,서울,2020-08-11,24.6,97,4.7,7.44,9.5
108,서울,2020-08-12,27.2,,4.3,13.62,8.3
108,서울,2020-08-13,28,,4.9,7.96,8.5
108,서울,2020-08-14,27.1,.4,5.7,4.14,9.3
108,서울,2020-08-15,26.1,69,5.6,3.25,9.3
108,서울,2020-08-16,27.4,,5.2,14.3,8.3
108,서울,2020-08-17,28.2,,4.1,18.44,4.4
108,서울,2020-08-18,27.5,,3.6,19.81,2.8
108,서울,2020-08-19,27.1,,4.4,22.54,2.3
108,서울,2020-08-20,27.7,,4.2,15.16,6.4
108,서울,2020-08-21,26.6,2.5,3.5,8.74,8.8
108,서울,2020-08-22,24.3,42.6,5.5,7.56,9
108,서울,2020-08-23,25.3,,3.9,18.72,6
108,서울,2020-08-24,27.8,,4.9,20.25,5.9
108,서울,2020-08-25,29.9,,4.6,21.21,5.9
108,서울,2020-08-26,30.2,.6,6.5,19.68,6.4
108,서울,2020-08-27,27.1,8.7,7,5.5,9.9
108,서울,2020-08-28,27.3,13.6,4.4,10.18,8.9
108,서울,2020-08-29,26.8,13.6,4,8.7,8.4
108,서울,2020-08-30,26.8,42.5,4.8,12.89,7.9
108,서울,2020-08-31,26.4,0,4.3,12.25,8.8
108,서울,2020-09-01,26.6,0,3.6,11.35,8.8
108,서울,2020-09-02,24.3,33.3,4,3.34,9.6
108,서울,2020-09-03,22.7,29.8,9.8,13.51,7.4
108,서울,2020-09-04,23.3,,5.6,21.21,1.6
108,서울,2020-09-05,23.3,,3.5,14.49,8
108,서울,2020-09-06,21.7,6.4,4.8,7.13,9.4
108,서울,2020-09-07,19.2,61,7.9,3.37,10
108,서울,2020-09-08,23.4,0,7,21.87,5.4
108,서울,2020-09-09,21.1,1.3,7.6,12.29,7.6
108,서울,2020-09-10,22.8,3.9,4.2,19.17,6.3
108,서울,2020-09-11,22.4,1.2,4.9,12.87,7.6
108,서울,2020-09-12,20.2,5.7,3.9,7.34,9.5
108,서울,2020-09-13,21.5,,3.5,20.53,2.8
108,서울,2020-09-14,21.3,0,4.3,13.86,4.6
108,서울,2020-09-15,23,,3.3,16.56,7.5
108,서울,2020-09-16,22.5,.3,3.4,6.21,9.4
108,서울,2020-09-17,21.3,,3.7,9.35,8.4
108,서울,2020-09-18,21.5,,6,21.24,3.1
108,서울,2020-09-19,21.2,.3,5.3,21.25,1.5
108,서울,2020-09-20,19.7,,4.9,22.19,0
108,서울,2020-09-21,19.1,,2.9,19.54,4.5
108,서울,2020-09-22,20.2,,4.6,21.71,3.1
108,서울,2020-09-23,19.2,,5.3,16.99,7.6
108,서울,2020-09-24,20.6,,5.7,18.54,6.6
108,서울,2020-09-25,20.1,,4.9,13.39,4.9
108,서울,2020-09-26,19.3,,6.2,15.92,4
108,서울,2020-09-27,20.4,,3.9,18.7,1.1
108,서울,2020-09-28,20.7,,3.6,19.29,1.1
108,서울,2020-09-29,19.6,,4.3,14.84,6.8
108,서울,2020-09-30,19.6,38.3,4.1,14,7.1
108,서울,2020-10-01,18.8,,4.7,10.89,5.5
108,서울,2020-10-02,19.2,0,5.2,6.34,9.1
108,서울,2020-10-03,19.9,0,3.6,9.79,8
108,서울,2020-10-04,16.6,0,7.2,12.36,7.1
108,서울,2020-10-05,13.3,,5.1,19.44,2.3
108,서울,2020-10-06,14.2,,4.1,19.81,2.5
108,서울,2020-10-07,16,,3.4,16.99,3.8
108,서울,2020-10-08,17.2,,5.4,19.27,.1
108,서울,2020-10-09,17.2,,5.2,18.55,4.6
108,서울,2020-10-10,16.9,,3.8,15.28,5.3
108,서울,2020-10-11,16.9,,4.1,11.45,5.8
108,서울,2020-10-12,16.2,,4.6,13.59,2.6
108,서울,2020-10-13,13.6,,4.7,14.16,3.5
108,서울,2020-10-14,12.8,,5.8,12.19,6.6
108,서울,2020-10-15,11.7,,3.7,14.48,6.6
108,서울,2020-10-16,11.8,,2.5,5.28,7.6
108,서울,2020-10-17,13.1,,4.3,17.65,1
108,서울,2020-10-18,13.6,,3.9,15.96,.5
108,서울,2020-10-19,15.1,,3.4,15.27,0
108,서울,2020-10-20,15.2,,3.1,15.67,.4
108,서울,2020-10-21,14.1,,3.8,4.72,7.3
108,서울,2020-10-22,13.5,0,5.7,11.01,4.6
108,서울,2020-10-23,8.6,,5.5,17.01,0
108,서울,2020-10-24,8.7,,5.9,16.65,0
108,서울,2020-10-25,11.8,,3.8,13.83,2.8
108,서울,2020-10-26,12.9,,4.4,13.69,1.6
108,서울,2020-10-27,14,,3.4,12.23,1.1
108,서울,2020-10-28,13.8,,4.8,15.27,3.8
108,서울,2020-10-29,10.8,,4.5,13.77,3.1
108,서울,2020-10-30,11.9,,3.2,14.62,.4
108,서울,2020-10-31,13.6,,5,11.03,6.1
108,서울,2020-11-01,13.7,13.6,4.5,1.61,8.6
108,서울,2020-11-02,10.8,1.7,4.9,14.6,3
108,서울,2020-11-03,5.1,.5,8.4,15.22,1.5
108,서울,2020-11-04,4.9,,4.2,15.36,0
108,서울,2020-11-05,9.6,,3,12.77,5.3
108,서울,2020-11-06,13.5,,3.3,5.65,8.9
108,서울,2020-11-07,14.6,.1,4.9,11.01,3.6
108,서울,2020-11-08,8.5,,6.2,14.66,0
108,서울,2020-11-09,5.5,,4,10.48,2.4
108,서울,2020-11-10,7.7,,5,13.61,0
108,서울,2020-11-11,9.3,,2.6,12.96,0
108,서울,2020-11-12,10.4,,3.4,12.27,2
108,서울,2020-11-13,12.2,,3,8.92,3
108,서울,2020-11-14,12.5,,4,11.58,1.3
108,서울,2020-11-15,11.1,,3.7,9.52,3.4
108,서울,2020-11-16,12.4,,4.1,10.76,2.1
108,서울,2020-11-17,15.9,.1,4.5,5.7,7.4
108,서울,2020-11-18,16.6,12.2,3.6,2.63,9.8
108,서울,2020-11-19,13.6,86.9,7.3,.96,9.8
108,서울,2020-11-20,2.8,0,5.6,2.74,6.6
108,서울,2020-11-21,6.5,.2,4.8,10.52,6.1
108,서울,2020-11-22,5.6,4.8,5.7,3.61,7.8
108,서울,2020-11-23,1.7,,4.9,12.35,.3
108,서울,2020-11-24,2.9,,3.8,6.33,6.1
108,서울,2020-11-25,4.6,,3,8.32,5.4
108,서울,2020-11-26,5.6,,3.6,9.8,5.5
108,서울,2020-11-27,4.1,0,5.3,8.52,4.9
108,서울,2020-11-28,-.1,,5.3,11.89,2.9
108,서울,2020-11-29,-.6,,4.5,5.61,4.1
108,서울,2020-11-30,-.2,,4.6,11.55,0
108,서울,2020-12-01,1.1,,4,10.69,4.4
108,서울,2020-12-02,2.4,,3.9,6.38,6.6
108,서울,2020-12-03,.7,,4.9,11.52,1
108,서울,2020-12-04,-.6,,4.3,11.62,.9
108,서울,2020-12-05,2.1,,3.9,8.18,5.6
108,서울,2020-12-06,4.5,,4.3,8.37,4.3
108,서울,2020-12-07,3.4,,5.6,8.93,3.8
108,서울,2020-12-08,-.5,,3.9,11.4,.4
108,서울,2020-12-09,1.5,,3,8.48,4.5
108,서울,2020-12-10,5.8,0,3.5,4.74,7.8
108,서울,2020-12-11,5.3,,4.5,5.85,6.5
108,서울,2020-12-12,2.3,,4.8,10.22,1.8
108,서울,2020-12-13,-1.1,2.9,6.1,1.9,5.4
108,서울,2020-12-14,-7.7,,5.3,11.44,0
108,서울,2020-12-15,-8.3,,5.2,11.61,0
108,서울,2020-12-16,-8.3,,4.6,11.44,0
108,서울,2020-12-17,-4.9,0,3.7,11.15,2.3
108,서울,2020-12-18,-2.1,.2,5.4,8.45,4.1
108,서울,2020-12-19,-5.1,,5.1,11.27,1.4
108,서울,2020-12-20,-3.7,,4.4,11,0
108,서울,2020-12-21,-1,,3.7,9.99,.9
108,서울,2020-12-22,2,,4.7,7.83,4.8
108,서울,2020-12-23,4.5,0,5.1,4.6,7.8
108,서울,2020-12-24,2.6,,6.5,9.82,1.3
108,서울,2020-12-25,-.8,,4.7,10.88,.1
108,서울,2020-12-26,2.2,,3.9,8.99,3
108,서울,2020-12-27,5.8,0,2.8,8.12,7.5
108,서울,2020-12-28,6.7,1.3,3.1,9.12,5.3
108,서울,2020-12-29,.1,.2,6.1,1.98,8.5
108,서울,2020-12-30,-10.9,,6.2,11.36,.8
108,서울,2020-12-31,-8.9,0,4.2,9.06,.4
108,서울,2021-01-01,-4.2,,4.1,9.54,3.9
108,서울,2021-01-02,-5,,5.4,11.34,0
108,서울,2021-01-03,-5.6,,4.5,8.8,2.9
108,서울,2021-01-04,-3.5,0,3.2,7.44,4.8
108,서울,2021-01-05,-5.5,0,5.7,10.46,2.6
108,서울,2021-01-06,-7.4,2.3,8.1,11.78,3.6
108,서울,2021-01-07,-14.5,,8.3,,.9
108,서울,2021-01-08,-14.9,,6.1,12.38,0
108,서울,2021-01-09,-12.2,,6.5,11.59,.8
108,서울,2021-01-10,-7.7,,2.6,9.84,3
108,서울,2021-01-11,-6.7,,3.5,4.47,6.9
108,서울,2021-01-12,-3.9,2.6,3.4,6.13,6.1
108,서울,2021-01-13,2,0,4.9,8.27,3
108,서울,2021-01-14,1.7,,3.9,10.21,0
108,서울,2021-01-15,4.5,.2,5.8,2.11,8.5
108,서울,2021-01-16,-4.9,,5.2,11.86,.8
108,서울,2021-01-17,-5.5,0,4,10.83,2.3
108,서울,2021-01-18,-3.8,.3,8.6,4.54,4.3
108,서울,2021-01-19,-6.3,,4.7,12.48,0
108,서울,2021-01-20,-.1,,4.3,11.92,1.9
108,서울,2021-01-21,4.5,9.2,3.8,2.77,9.6
108,서울,2021-01-22,5.5,.1,3.2,2.34,9.5
108,서울,2021-01-23,7.6,,5.8,9.72,6.5
108,서울,2021-01-24,7.3,,4.7,12.4,3.4
108,서울,2021-01-25,7.9,,3.6,10.74,6.3
108,서울,2021-01-26,5.3,1.7,3.8,1.95,8.4
108,서울,2021-01-27,1.7,,5.2,12.4,6.4
108,서울,2021-01-28,-2.6,2,8.7,6.14,5.1
108,서울,2021-01-29,-8.8,,7.3,14.42,.3
108,서울,2021-01-30,-1.6,.5,4.8,10.46,3.9
108,서울,2021-01-31,3.2,,4.4,10.92,4.8
108,서울,2021-02-01,5,.7,6.7,5.8,7.6
108,서울,2021-02-02,-5.6,0,5.9,14.69,1.8
108,서울,2021-02-03,-3.2,3.4,4.5,11.7,5
108,서울,2021-02-04,-3.6,.1,5.3,15.33,.1
108,서울,2021-02-05,1.4,,5.1,7.95,6
108,서울,2021-02-06,6.8,,4.6,4.77,9
108,서울,2021-02-07,3.6,,5.3,11.38,4.4
108,서울,2021-02-08,-3.1,,6.3,15.91,0
108,서울,2021-02-09,-.9,,4.8,15.46,.1
108,서울,2021-02-10,3.4,,4.3,6.15,6.3
108,서울,2021-02-11,5.5,,3.1,11.22,5.3
108,서울,2021-02-12,6.5,,3.4,14.72,4
108,서울,2021-02-13,7.6,,3.8,14.36,1.1
108,서울,2021-02-14,9.5,0,3.6,7.21,8.1
108,서울,2021-02-15,1.2,1.4,7.3,9.69,5.8
108,서울,2021-02-16,-5.1,1.5,7.2,7.31,4
108,서울,2021-02-17,-8.3,0,7.5,17.28,1.6
108,서울,2021-02-18,-5.8,,6.1,17.05,0
108,서울,2021-02-19,1.6,,5.9,14.8,3.3
108,서울,2021-02-20,8.8,,3.9,15.25,2.4
108,서울,2021-02-21,10.8,,5.8,15.34,.8
108,서울,2021-02-22,7.8,,6.5,13.04,2.6
108,서울,2021-02-23,0,,5.3,17.53,3.3
108,서울,2021-02-24,2.9,,3.2,16.1,6.5
108,서울,2021-02-25,4.2,,2.8,5.22,8.1
108,서울,2021-02-26,8.2,,4.3,18.2,4.5
108,서울,2021-02-27,9.5,,5.6,17.96,3.5
108,서울,2021-02-28,7.8,,4.3,7.13,6.1
108,서울,2021-03-01,4.7,67.5,6.2,1.4,10
108,서울,2021-03-02,2.3,.1,4,12.9,5.5
108,서울,2021-03-03,4.4,,3.1,16.52,4.5
108,서울,2021-03-04,7.2,,3.6,9.85,6.3
108,서울,2021-03-05,9,,4.9,18.95,1.3
108,서울,2021-03-06,6.6,,6.2,12.71,4.9
108,서울,2021-03-07,6.2,,5.2,18.17,3.5
108,서울,2021-03-08,7,,4.9,19.12,0
108,서울,2021-03-09,6.6,,4.6,15.57,4.3
108,서울,2021-03-10,8.8,,3.7,19.1,.4
108,서울,2021-03-11,10.2,,4.5,16.6,6.4
108,서울,2021-03-12,10.5,0,4.8,7.41,7
108,서울,2021-03-13,9.2,,4.4,14.87,5
108,서울,2021-03-14,9.1,,3.9,17.99,3.5
108,서울,2021-03-15,10.6,1.7,5.1,12.75,8.9
108,서울,2021-03-16,8.4,1.3,5.3,21.13,1.9
108,서울,2021-03-17,8.8,,4.7,20.79,.3
108,서울,2021-03-18,11.7,,4.2,16.63,5
108,서울,2021-03-19,15.3,,4.3,19.09,6.8
108,서울,2021-03-20,9.9,5.1,4,2,9.8
108,서울,2021-03-21,5.8,.3,6.8,10.42,6.8
108,서울,2021-03-22,6.2,,6.9,22.58,.4
108,서울,2021-03-23,9.1,,5.7,20.89,.3
108,서울,2021-03-24,10.8,,5.3,19.53,4.3
108,서울,2021-03-25,11.9,,4.9,20.86,2.4
108,서울,2021-03-26,12.6,,2.9,16.98,5.5
108,서울,2021-03-27,12.1,25.5,4.8,3.72,9.6
108,서울,2021-03-28,9,9.2,6.4,2.35,10
108,서울,2021-03-29,10.2,.2,6.6,18.24,5.5
108,서울,2021-03-30,10.8,,5.1,24.53,.6
108,서울,2021-03-31,14.5,,3.6,23.29,3.8
108,서울,2021-04-01,17.7,,6.7,20.91,5.3
108,서울,2021-04-02,17.8,0,6.4,15.37,8.1
108,서울,2021-04-03,14.9,56.2,6.3,1.98,9.9
108,서울,2021-04-04,11.9,.6,5.2,12.91,6.3
108,서울,2021-04-05,11.9,,5.3,25.81,2.3
108,서울,2021-04-06,13.9,,5.4,23.34,2.4
108,서울,2021-04-07,14.1,,6.2,24.49,0
108,서울,2021-04-08,13,,5.8,25.85,0
108,서울,2021-04-09,13.6,,5.8,25.3,.6
108,서울,2021-04-10,12.6,,4.7,23.77,.5
108,서울,2021-04-11,15,,3.9,22.57,3.5
108,서울,2021-04-12,13.8,22,4.8,5.39,9.8
108,서울,2021-04-13,10.4,8,5.7,14.95,6.6
108,서울,2021-04-14,8.4,,6.9,27.31,.3
108,서울,2021-04-15,11.6,,4.7,24.78,4.9
108,서울,2021-04-16,11.3,.7,5.7,8.59,6.9
108,서울,2021-04-17,9.6,0,7.1,13.62,3.8
108,서울,2021-04-18,9.9,,5.7,26.94,.9
108,서울,2021-04-19,12.2,,4.9,26.18,0
108,서울,2021-04-20,14.8,,4.5,24.8,2.9
108,서울,2021-04-21,19.1,,4.3,25.12,3.9
108,서울,2021-04-22,20.9,,5,15.7,8.9
108,서울,2021-04-23,19,0,6.9,8.36,9.6
108,서울,2021-04-24,18.3,0,5.2,13.65,6.8
108,서울,2021-04-25,18.2,,5.6,27.12,1.1
108,서울,2021-04-26,16.2,,4.6,21.57,4.5
108,서울,2021-04-27,15.4,1.7,5,10.37,9.4
108,서울,2021-04-28,14.5,4.7,4.8,16.09,7.9
108,서울,2021-04-29,14.6,3.9,6.4,15.99,7.6
108,서울,2021-04-30,11.3,26.3,5.2,9.45,9.5
108,서울,2021-05-01,10.2,8,6.3,11.89,9.4
108,서울,2021-05-02,12.4,1.7,5.3,27.71,2.6
108,서울,2021-05-03,14.1,,4.9,27.7,3.8
108,서울,2021-05-04,13.8,19.6,4.8,3.68,9.6
108,서울,2021-05-05,13.9,.1,6.7,28.34,2.6
108,서울,2021-05-06,15.7,,6.5,23.81,4.8
108,서울,2021-05-07,14.4,8.8,6.7,17.12,3.1
108,서울,2021-05-08,14.3,,8.4,23.01,1.1
108,서울,2021-05-09,15.7,,7.9,30.44,.3
108,서울,2021-05-10,13.2,0,4,4.69,8.6
108,서울,2021-05-11,18.5,,5,27.17,6
108,서울,2021-05-12,22,,3.7,26.51,4.5
108,서울,2021-05-13,22.9,,4.2,27.3,0
108,서울,2021-05-14,24.1,,4.3,24.38,7.1
108,서울,2021-05-15,22.1,15,3.6,9.42,9.8
108,서울,2021-05-16,18.4,66.9,4.4,3.05,10
108,서울,2021-05-17,15.3,3.1,3.1,5.21,9
108,서울,2021-05-18,17.9,,4.5,24.12,4.4
108,서울,2021-05-19,19.9,,4.4,29.93,2.6
108,서울,2021-05-20,18.7,.9,6.2,6.8,9.9
108,서울,2021-05-21,16,6.9,4.2,7.35,9.5
108,서울,2021-05-22,18.6,.2,6.2,28.69,1.5
108,서울,2021-05-23,19.5,,4.8,19.28,6.9
108,서울,2021-05-24,19.4,,5.6,26.9,3.3
108,서울,2021-05-25,15.3,8.3,7.4,19.29,5.3
108,서울,2021-05-26,18,0,6.5,17.95,7.6
108,서울,2021-05-27,15.8,8.9,5.2,5.08,6.5
108,서울,2021-05-28,15.3,12.3,5,11.26,8.6
108,서울,2021-05-29,15.4,.3,3.7,10.45,5.1
108,서울,2021-05-30,18.4,18.1,7.6,29.45,3.9
108,서울,2021-05-31,19.9,4,3.5,12.52,7.4
108,서울,2021-06-01,20.2,3.2,5.4,13.01,8.1
108,서울,2021-06-02,23.2,,4.5,26.82,3.4
108,서울,2021-06-03,19.1,18.1,7.5,5.11,9.6
108,서울,2021-06-04,18.5,,6,29.01,2.6
108,서울,2021-06-05,20.8,,5.5,23.11,3
108,서울,2021-06-06,23,,3.8,23.46,3.8
108,서울,2021-06-07,21.1,0,3.3,7.02,7.8
108,서울,2021-06-08,23.6,.1,3.6,21.25,5.4
108,서울,2021-06-09,25.8,,3.4,24.78,3.4
108,서울,2021-06-10,24.9,6.1,5.4,14.13,8.5
108,서울,2021-06-11,21.5,4.6,5.7,10.08,6.4
108,서울,2021-06-12,24.2,,3.9,26.92,5
108,서울,2021-06-13,24.8,,4.3,26.48,3.5
108,서울,2021-06-14,24.8,,4,22.29,6.8
108,서울,2021-06-15,22.5,1.9,3.9,7.61,7
108,서울,2021-06-16,24.3,,5.7,27.3,2.5
108,서울,2021-06-17,21.9,0,3.6,9.59,9.4
108,서울,2021-06-18,20,6.3,3.8,4.5,9.8
108,서울,2021-06-19,22.3,,3.7,26.47,4.1
108,서울,2021-06-20,22.9,,6.8,25.87,3.1
108,서울,2021-06-21,23.6,,4.6,25.72,3.3
108,서울,2021-06-22,22.8,0,7.8,20.23,6.8
108,서울,2021-06-23,22.4,7.5,6,19.49,4.4
108,서울,2021-06-24,23,,4.4,17.8,3
108,서울,2021-06-25,24.1,,4.7,24.74,4
108,서울,2021-06-26,22.8,4.5,3.4,14.24,7.3
108,서울,2021-06-27,24.5,38.2,7.8,22.48,5.4
108,서울,2021-06-28,23.7,.1,4.1,13.52,8.1
108,서울,2021-06-29,23.9,8,4.1,14.1,6.5
108,서울,2021-06-30,24.3,6,3.6,16.22,6.1
108,서울,2021-07-01,26.3,,4.1,20.59,2.3
108,서울,2021-07-02,27.1,,3.5,22.19,5.8
108,서울,2021-07-03,22.6,60,5.9,7.51,8.5
108,서울,2021-07-04,21.4,21.4,4.9,2.69,9.9
108,서울,2021-07-05,23.3,,3.5,12.59,8.9
108,서울,2021-07-06,25.3,,3.7,19.15,7
108,서울,2021-07-07,26.4,12.7,3.3,11.81,9.4
108,서울,2021-07-08,26,2.9,4.7,14.1,7.1
108,서울,2021-07-09,25.5,0,4.2,14.49,6.5
108,서울,2021-07-10,25.9,.5,5.4,17.4,7.4
108,서울,2021-07-11,25.7,.4,4.8,7.53,7.8
108,서울,2021-07-12,28.1,,3.1,19.1,6.6
108,서울,2021-07-13,28.8,,3.7,11.59,6.8
108,서울,2021-07-14,29.7,,4.2,22.48,7
108,서울,2021-07-15,29.1,0,4.6,22.77,5.1
108,서울,2021-07-16,28.8,,7.4,26.76,3.5
108,서울,2021-07-17,29.1,0,4.2,22.58,4.8
108,서울,2021-07-18,29.6,,4.2,23.37,5.6
108,서울,2021-07-19,26.4,67.4,4.9,10.07,6.9
108,서울,2021-07-20,27.9,0,3.6,14.62,7.6
108,서울,2021-07-21,30.5,,3,24.1,3.5
108,서울,2021-07-22,31.2,,3.7,27.69,4
108,서울,2021-07-23,31.2,,3.6,26.91,2.3
108,서울,2021-07-24,31.7,,4.2,27.78,3
108,서울,2021-07-25,31.5,,4.4,27.63,4.9
108,서울,2021-07-26,31.2,,4.3,29.3,1.6
108,서울,2021-07-27,31.1,,4.6,17.22,3.9
108,서울,2021-07-28,30.4,0,4.9,16.37,3.8
108,서울,2021-07-29,29.6,,3.9,14.86,6.8
108,서울,2021-07-30,30.5,,4.1,21.86,6.5
108,서울,2021-07-31,29.8,3,4.3,21.19,6.9
108,서울,2021-08-01,27.1,21,4.7,6.56,9.8
108,서울,2021-08-02,26.5,1.7,3.4,8.42,9
108,서울,2021-08-03,28,0,5.5,13.25,6.1
108,서울,2021-08-04,28.9,,4.3,19.55,5.9
108,서울,2021-08-05,29.4,,4.1,20.51,4.6
108,서울,2021-08-06,28.1,,8.3,18.13,7.4
108,서울,2021-08-07,28,,4,23.48,3.3
108,서울,2021-08-08,26.8,12.7,4.3,11.91,8.1
108,서울,2021-08-09,28.3,,4.8,24.73,5.6
108,서울,2021-08-10,27.7,,4.4,20.07,4.5
108,서울,2021-08-11,27.4,0,3.9,16.55,5.8
108,서울,2021-08-12,26.8,0,4.6,14.8,5.9
108,서울,2021-08-13,26.6,,3.5,12.03,8
108,서울,2021-08-14,26.1,,4.8,15.6,6.5
108,서울,2021-08-15,26.9,,3.7,23.31,1.8
108,서울,2021-08-16,27.3,0,3.7,23.19,3.8
108,서울,2021-08-17,25.9,9.3,4.6,17.49,5.5
108,서울,2021-08-18,24.3,5.6,5.4,17.87,5.3
108,서울,2021-08-19,26,,4,20.95,4
108,서울,2021-08-20,26.6,0,5.1,17.21,6.9
108,서울,2021-08-21,23.8,62.8,6.7,6.31,8.8
108,서울,2021-08-22,24.4,0,4.4,8.64,8.6
108,서울,2021-08-23,22.4,7.4,3.3,3.81,9.5
108,서울,2021-08-24,23.4,10.5,6.1,4.58,10
108,서울,2021-08-25,25,.3,3.8,8.96,8.4
108,서울,2021-08-26,25.5,.7,5,8.07,8.1
108,서울,2021-08-27,22.4,.9,3.2,3.01,9.1
108,서울,2021-08-28,23.6,,3.9,15.44,8.4
108,서울,2021-08-29,23.7,.9,3.4,9.6,8.6
108,서울,2021-08-30,24.2,0,2.9,12.46,8.3
108,서울,2021-08-31,20.5,77.4,4.9,2.39,9.9
108,서울,2021-09-01,21.4,.8,4.7,7.24,9.3
108,서울,2021-09-02,23.5,,3.4,13.24,8.3
108,서울,2021-09-03,24.3,,4,24.64,1.9
108,서울,2021-09-04,23.2,,3.7,20.58,4.4
108,서울,2021-09-05,23.1,,4.9,15.83,5.8
108,서울,2021-09-06,22.3,12,5.5,12.02,8.9
108,서울,2021-09-07,19.6,29.6,4.4,1.8,10
108,서울,2021-09-08,22.2,1.6,4.2,18.18,4.5
108,서울,2021-09-09,23.5,,3,18.9,6.5
108,서울,2021-09-10,23.6,,4.3,16.96,3.9
108,서울,2021-09-11,24,,5.6,19.54,2
108,서울,2021-09-12,24.2,,4.4,22.15,1.9
108,서울,2021-09-13,24.8,,3.9,17.61,6.9
108,서울,2021-09-14,24.6,,5.6,21.88,2.4
108,서울,2021-09-15,23.6,,5.9,22.62,.6
108,서울,2021-09-16,22.9,,4.6,20.18,5.1
108,서울,2021-09-17,23.5,,5.8,18.05,3.8
108,서울,2021-09-18,23.9,,4,19.77,2.3
108,서울,2021-09-19,23.7,,3,13.97,6.3
108,서울,2021-09-20,23.7,,6.2,19.86,5.9
108,서울,2021-09-21,22,68.1,7.1,11.84,8
108,서울,2021-09-22,20.2,4.5,6.2,14.89,4.1
108,서울,2021-09-23,20.9,,6.5,18.01,3.4
108,서울,2021-09-24,21.8,,3.8,18.34,1.5
108,서울,2021-09-25,21.2,,3.5,7.2,8.6
108,서울,2021-09-26,22.6,,3.6,18.13,6.8
108,서울,2021-09-27,21.6,0,3.7,11.36,8.3
108,서울,2021-09-28,21.5,1.3,3.7,9.29,9.8
108,서울,2021-09-29,20.2,13.1,4.4,2.85,7.6
108,서울,2021-09-30,20.3,,3.3,17.2,2
108,서울,2021-10-01,21.1,13.3,10.6,18.42,2.9
108,서울,2021-10-02,20.7,,3.3,16.92,4
108,서울,2021-10-03,22.3,,4.5,17.47,2
108,서울,2021-10-04,22.9,3.6,6.1,2.97,9.5
108,서울,2021-10-05,23.6,0,6.2,8.11,8.1
108,서울,2021-10-06,18.8,6.4,4.3,3.26,9
108,서울,2021-10-07,19.4,4.6,4,4.86,9.4
108,서울,2021-10-08,18.8,3.5,2.9,2.8,9.5
108,서울,2021-10-09,20.9,.4,3.7,7.05,6.8
108,서울,2021-10-10,19.9,14.2,4.7,3.12,9.8
108,서울,2021-10-11,15.2,.3,6,8.47,8.3
108,서울,2021-10-12,17.9,,5.9,11.55,6.9
108,서울,2021-10-13,19.6,,4.1,17.28,2.1
108,서울,2021-10-14,19.7,,4.2,12.85,5.8
108,서울,2021-10-15,19,0,3.8,7.21,9.6
108,서울,2021-10-16,10.7,0,5.7,8.78,6.1
108,서울,2021-10-17,5.6,,7.1,18.7,0
108,서울,2021-10-18,9.6,5.6,3.6,12.08,6.6
108,서울,2021-10-19,10.9,4.4,5.4,13.34,4
108,서울,2021-10-20,9.5,,3.7,16.7,.3
108,서울,2021-10-21,9.8,,3.6,5.13,3.3
108,서울,2021-10-22,10.8,,4.9,16.45,.8
108,서울,2021-10-23,11.4,,3.4,16.25,.3
108,서울,2021-10-24,11.4,,3.2,15.97,.3
108,서울,2021-10-25,11.7,,3.5,11.74,.8
108,서울,2021-10-26,13,,3,13.08,3.6
108,서울,2021-10-27,13.4,0,4,14.72,2.5
108,서울,2021-10-28,12.7,,3.7,15.58,0
108,서울,2021-10-29,14.6,,3.7,14.16,4.6
108,서울,2021-10-30,13.8,,3.1,6.35,6.1
108,서울,2021-10-31,14.1,.7,3.9,12.25,3.8
108,서울,2021-11-01,12.9,,4,11.32,3
108,서울,2021-11-02,11.5,,3.5,12.69,4
108,서울,2021-11-03,12.1,,3.7,13.24,3
108,서울,2021-11-04,12.1,0,2.7,6.9,2.4
108,서울,2021-11-05,13,,2.7,12.76,.6
108,서울,2021-11-06,14.1,,2.8,12.8,1.3
108,서울,2021-11-07,15.3,,4.9,12.2,7
108,서울,2021-11-08,8.6,25.7,9.3,2.57,9.9
108,서울,2021-11-09,4.9,2,5.1,3.4,8.1
108,서울,2021-11-10,4.2,.3,5.7,8.8,7.4
108,서울,2021-11-11,5.3,0,6.8,9.68,3
108,서울,2021-11-12,4.5,,5.8,13.47,1.3
108,서울,2021-11-13,7.3,,3.3,9.9,4.5
108,서울,2021-11-14,11.3,,5.7,10.52,3.4
108,서울,2021-11-15,10.1,,3.2,11.39,3.6
108,서울,2021-11-16,8.5,,4.4,12.07,0
108,서울,2021-11-17,7.5,,3.4,11,3.5
108,서울,2021-11-18,11.9,0,5.5,5.68,7.5
108,서울,2021-11-19,12.9,,3.6,4.98,6.5
108,서울,2021-11-20,10.4,,3,8.62,3.3
108,서울,2021-11-21,10.4,5.9,7.9,3.3,8.9
108,서울,2021-11-22,2.7,1.3,7.3,8.99,3.3
108,서울,2021-11-23,-.6,,5.5,8.4,2.9
108,서울,2021-11-24,4.1,0,4.4,7.93,3.9
108,서울,2021-11-25,5.7,,4.7,10.25,1.9
108,서울,2021-11-26,2.9,0,4.3,7.6,1.4
108,서울,2021-11-27,3.4,,3.9,11.85,0
108,서울,2021-11-28,5.1,,2.8,11.02,4
108,서울,2021-11-29,7.6,,2.9,7.47,7
108,서울,2021-11-30,5.7,27.2,8.4,.84,9
108,서울,2021-12-01,-1.3,,7.2,12.23,.6
108,서울,2021-12-02,1.3,.1,4.6,6.48,4.5
108,서울,2021-12-03,1.9,.4,5.8,11.85,1.4
108,서울,2021-12-04,1.4,,4.8,10.46,1
108,서울,2021-12-05,2.9,,2.9,11.07,0
108,서울,2021-12-06,5.4,,2.8,9.37,4.1
108,서울,2021-12-07,6.8,,2.6,9.35,0
108,서울,2021-12-08,6.7,,2.6,10.53,1.6
108,서울,2021-12-09,6.5,,3.5,4.98,6.9
108,서울,2021-12-10,7,.7,3.4,1.35,8.1
108,서울,2021-12-11,6,,3.6,7.34,8.1
108,서울,2021-12-12,1.2,,6.6,9.67,2.5
108,서울,2021-12-13,-2.2,,4.1,11.43,2.1
108,서울,2021-12-14,3.7,1.2,3.6,6.1,9
108,서울,2021-12-15,7.2,2.1,3.9,4.11,7.3
108,서울,2021-12-16,6.4,0,4.6,7.6,7.1
108,서울,2021-12-17,-5.6,,8.1,10.96,1.4
108,서울,2021-12-18,-5.7,2.8,3.6,6.79,4.1
108,서울,2021-12-19,-.8,.2,4.9,8.82,.6
108,서울,2021-12-20,5.2,0,5.1,8.61,4.6
108,서울,2021-12-21,5.2,,4.4,7.93,1.4
108,서울,2021-12-22,2.2,,3.3,10.21,0
108,서울,2021-12-23,2.7,,2.8,8.85,2.8
108,서울,2021-12-24,-.3,.2,6.2,2.08,6.1
108,서울,2021-12-25,-11.7,,7,11.64,0
108,서울,2021-12-26,-12.1,,4.8,11.55,0
108,서울,2021-12-27,-7.6,0,3.1,6.09,3.1
108,서울,2021-12-28,-4.1,,3.1,4.32,4.1
108,서울,2021-12-29,.4,.2,5.9,4.64,5.1
108,서울,2021-12-30,-3.9,0,6.6,9.14,2
108,서울,2021-12-31,-6.7,,5.4,11.7,0
